package	load_name	source_type	source	version	install_ref	profile
abind	abind	existing_library	R_package_mobio;chaoliu_R_package_mobio;lvyan_R_package_mobio	1.4-8		library
ade4	ade4	existing_library	R_package_mobio;chaoliu_R_package_mobio;lvyan_R_package_mobio	1.7-23;1.7-24		library
afex	afex	cran;existing_library	R_package_mobio;chaoliu_R_package_mobio;manual_manifest	1.5-1		core;library
affy	affy	existing_library	R_package_mobio;chaoliu_R_package_mobio	1.88.0		library
affyio	affyio	existing_library	R_package_mobio;chaoliu_R_package_mobio	1.80.0		library
ALDEx2	ALDEx2	bioconductor;existing_library	R_package_mobio;chaoliu_R_package_mobio;manual_manifest	1.42.0		full;library
ANCOMBC	ANCOMBC	bioconductor;existing_library	R_package_mobio;chaoliu_R_package_mobio;lvyan_R_package_mobio;manual_manifest	2.10.1;2.12.0		core;library
annotate	annotate	existing_library	R_package_mobio;chaoliu_R_package_mobio	1.88.0		library
AnnotationDbi	AnnotationDbi	existing_library	R_package_mobio;chaoliu_R_package_mobio	1.72.0		library
AnnotationFilter	AnnotationFilter	existing_library	R_package_mobio;chaoliu_R_package_mobio	1.34.0		library
ape	ape	existing_library	R_package_mobio;chaoliu_R_package_mobio;lvyan_R_package_mobio	5.8-1		library
aplot	aplot	existing_library;github	R_package_mobio;chaoliu_R_package_mobio;manual_manifest	0.2.9	YuLab-SMU/aplot	full;library
argparse	argparse	cran;existing_library	R_package_mobio;chaoliu_R_package_mobio;manual_manifest	2.3.1		full;library
askpass	askpass	existing_library	R_package_mobio;chaoliu_R_package_mobio;lvyan_R_package_mobio	1.2.1		library
assertthat	assertthat	existing_library	R_package_mobio;chaoliu_R_package_mobio	0.2.1		library
assorthead	assorthead	existing_library	R_package_mobio;chaoliu_R_package_mobio;lvyan_R_package_mobio	1.4.0		library
backports	backports	existing_library	R_package_mobio;chaoliu_R_package_mobio;lvyan_R_package_mobio	1.5.0		library
base	base	existing_library	lvyan_R_package_mobio	4.5.1		library
base64enc	base64enc	existing_library	R_package_mobio;chaoliu_R_package_mobio;lvyan_R_package_mobio	0.1-6		library
base64url	base64url	existing_library	R_package_mobio	1.4		library
BayesFactor	BayesFactor	existing_library	R_package_mobio;chaoliu_R_package_mobio	0.9.12-4.7		library
bayesm	bayesm	existing_library	lvyan_R_package_mobio	3.1-7		library
bayestestR	bayestestR	existing_library	R_package_mobio;chaoliu_R_package_mobio	0.17.0		library
bbotk	bbotk	cran;existing_library	R_package_mobio;chaoliu_R_package_mobio;manual_manifest	1.10.0;1.8.1		full;library
beachmat	beachmat	existing_library	R_package_mobio;chaoliu_R_package_mobio;lvyan_R_package_mobio	2.26.0		library
beeswarm	beeswarm	existing_library	R_package_mobio;chaoliu_R_package_mobio;lvyan_R_package_mobio	0.4.0		library
benchmarkme	benchmarkme	existing_library	R_package_mobio;chaoliu_R_package_mobio	1.0.8		library
benchmarkmeData	benchmarkmeData	existing_library	R_package_mobio;chaoliu_R_package_mobio	2.0.0		library
BH	BH	existing_library	R_package_mobio;chaoliu_R_package_mobio;lvyan_R_package_mobio	1.90.0-1		library
Biobase	Biobase	existing_library	R_package_mobio;chaoliu_R_package_mobio;lvyan_R_package_mobio	2.70.0		library
BiocBaseUtils	BiocBaseUtils	existing_library	R_package_mobio;chaoliu_R_package_mobio;lvyan_R_package_mobio	1.12.0		library
BiocGenerics	BiocGenerics	existing_library	R_package_mobio;chaoliu_R_package_mobio;lvyan_R_package_mobio	0.56.0		library
BiocManager	BiocManager	cran;existing_library	R_package_mobio;chaoliu_R_package_mobio;lvyan_R_package_mobio;manual_manifest	1.30.27		core;library
BiocNeighbors	BiocNeighbors	existing_library	R_package_mobio;chaoliu_R_package_mobio;lvyan_R_package_mobio	2.4.0		library
BiocParallel	BiocParallel	bioconductor;existing_library	R_package_mobio;chaoliu_R_package_mobio;lvyan_R_package_mobio;manual_manifest	1.44.0		full;library
BiocSingular	BiocSingular	existing_library	R_package_mobio;chaoliu_R_package_mobio;lvyan_R_package_mobio	1.26.1		library
BiocVersion	BiocVersion	existing_library	R_package_mobio;chaoliu_R_package_mobio;lvyan_R_package_mobio	3.22.0		library
biomaRt	biomaRt	bioconductor	manual_manifest			full
biomformat	biomformat	existing_library	R_package_mobio;chaoliu_R_package_mobio;lvyan_R_package_mobio	1.38.0;1.38.3		library
Biostrings	Biostrings	bioconductor;existing_library	R_package_mobio;chaoliu_R_package_mobio;lvyan_R_package_mobio;manual_manifest	2.78.0		full;library
bit	bit	existing_library	R_package_mobio;chaoliu_R_package_mobio;lvyan_R_package_mobio	4.6.0		library
bit64	bit64	existing_library	R_package_mobio;chaoliu_R_package_mobio;lvyan_R_package_mobio	4.6.0-1		library
bitops	bitops	existing_library	R_package_mobio;chaoliu_R_package_mobio	1.0-9		library
blob	blob	existing_library	R_package_mobio;chaoliu_R_package_mobio;lvyan_R_package_mobio	1.3.0		library
bluster	bluster	bioconductor;existing_library	R_package_mobio;chaoliu_R_package_mobio;lvyan_R_package_mobio;manual_manifest	1.20.0		core;library
bookdown	bookdown	existing_library	R_package_mobio;chaoliu_R_package_mobio	0.46		library
boot	boot	existing_library	lvyan_R_package_mobio	1.3-32		library
Boruta	Boruta	cran;existing_library	R_package_mobio;chaoliu_R_package_mobio;manual_manifest	9.0.0		full;library
brew	brew	existing_library	R_package_mobio;chaoliu_R_package_mobio	1.0-10		library
brio	brio	existing_library	R_package_mobio;chaoliu_R_package_mobio;lvyan_R_package_mobio	1.1.5		library
broom	broom	cran;existing_library	R_package_mobio;chaoliu_R_package_mobio;lvyan_R_package_mobio;manual_manifest	1.0.12		core;library
bslib	bslib	existing_library	R_package_mobio;chaoliu_R_package_mobio;lvyan_R_package_mobio	0.10.0		library
BWStest	BWStest	existing_library	R_package_mobio;chaoliu_R_package_mobio	0.2.3		library
cachem	cachem	existing_library	R_package_mobio;chaoliu_R_package_mobio;lvyan_R_package_mobio	1.1.0		library
Cairo	Cairo	existing_library	R_package_mobio;chaoliu_R_package_mobio;lvyan_R_package_mobio	1.7-0		library
calibrate	calibrate	existing_library	R_package_mobio;chaoliu_R_package_mobio	1.7.7		library
callr	callr	existing_library	R_package_mobio;chaoliu_R_package_mobio;lvyan_R_package_mobio	3.7.6		library
car	car	existing_library	R_package_mobio;chaoliu_R_package_mobio;lvyan_R_package_mobio	3.1-5		library
carData	carData	existing_library	R_package_mobio;chaoliu_R_package_mobio;lvyan_R_package_mobio	3.0-6		library
caret	caret	existing_library	R_package_mobio;chaoliu_R_package_mobio	7.0-1		library
caTools	caTools	existing_library	R_package_mobio;chaoliu_R_package_mobio	1.18.3		library
cellranger	cellranger	existing_library	R_package_mobio;chaoliu_R_package_mobio;lvyan_R_package_mobio	1.1.0		library
checkmate	checkmate	existing_library	R_package_mobio;chaoliu_R_package_mobio;lvyan_R_package_mobio	2.3.4		library
circlize	circlize	existing_library	R_package_mobio;chaoliu_R_package_mobio	0.4.17		library
clarabel	clarabel	existing_library	R_package_mobio;chaoliu_R_package_mobio;lvyan_R_package_mobio	0.11.2;0.9.0.1		library
class	class	existing_library	lvyan_R_package_mobio	7.3-23		library
classInt	classInt	existing_library	R_package_mobio	0.4-11		library
cli	cli	existing_library	R_package_mobio;chaoliu_R_package_mobio;lvyan_R_package_mobio	3.6.5		library
clipr	clipr	existing_library	R_package_mobio;chaoliu_R_package_mobio;lvyan_R_package_mobio	0.8.0		library
clock	clock	existing_library	R_package_mobio;chaoliu_R_package_mobio	0.7.4		library
clue	clue	existing_library	R_package_mobio;chaoliu_R_package_mobio;lvyan_R_package_mobio	0.3-66;0.3-68		library
cluster	cluster	existing_library	lvyan_R_package_mobio	2.1.8.2		library
clusterProfiler	clusterProfiler	bioconductor;existing_library	R_package_mobio;chaoliu_R_package_mobio;manual_manifest	4.18.4		full;library
clustree	clustree	cran	manual_manifest			full
cmprsk	cmprsk	existing_library	R_package_mobio	2.2-12		library
coda	coda	existing_library	R_package_mobio;chaoliu_R_package_mobio	0.19-4.1		library
codetools	codetools	existing_library	lvyan_R_package_mobio	0.2-20		library
collections	collections	existing_library	R_package_mobio;chaoliu_R_package_mobio	0.3.11		library
colorspace	colorspace	existing_library	R_package_mobio;chaoliu_R_package_mobio;lvyan_R_package_mobio	2.1-2		library
commonmark	commonmark	existing_library	R_package_mobio;chaoliu_R_package_mobio;lvyan_R_package_mobio	2.0.0		library
compiler	compiler	existing_library	lvyan_R_package_mobio	4.5.1		library
ComplexHeatmap	ComplexHeatmap	bioconductor;existing_library	R_package_mobio;chaoliu_R_package_mobio;manual_manifest	2.26.1		full;library
compositions	compositions	existing_library	lvyan_R_package_mobio	2.0-9		library
conflicted	conflicted	existing_library	R_package_mobio;chaoliu_R_package_mobio;lvyan_R_package_mobio	1.2.0		library
contfrac	contfrac	existing_library	R_package_mobio;chaoliu_R_package_mobio	1.1-12		library
coro	coro	existing_library	R_package_mobio	1.1.0		library
corpcor	corpcor	existing_library	R_package_mobio;chaoliu_R_package_mobio	1.6.10		library
correlation	correlation	existing_library	R_package_mobio;chaoliu_R_package_mobio	0.8.8		library
corrplot	corrplot	existing_library	R_package_mobio;chaoliu_R_package_mobio;lvyan_R_package_mobio	0.95		library
covr	covr	existing_library	lvyan_R_package_mobio	3.6.5		library
cowplot	cowplot	cran;existing_library	R_package_mobio;chaoliu_R_package_mobio;lvyan_R_package_mobio;manual_manifest	1.2.0		core;library
cpp11	cpp11	existing_library	R_package_mobio;chaoliu_R_package_mobio;lvyan_R_package_mobio	0.5.3		library
crayon	crayon	existing_library	R_package_mobio;chaoliu_R_package_mobio;lvyan_R_package_mobio	1.5.3		library
createKEGGdb	createKEGGdb	github	manual_manifest		YuLab-SMU/createKEGGdb	full
credentials	credentials	existing_library	R_package_mobio;chaoliu_R_package_mobio;lvyan_R_package_mobio	2.0.3		library
crmn	crmn	existing_library	R_package_mobio;chaoliu_R_package_mobio	0.0.21		library
crosstalk	crosstalk	cran;existing_library	R_package_mobio;chaoliu_R_package_mobio;manual_manifest	1.2.2		core;library
curl	curl	existing_library	R_package_mobio;chaoliu_R_package_mobio;lvyan_R_package_mobio	5.2.3;7.0.0		library
CVST	CVST	existing_library	R_package_mobio	0.2-3		library
CVXR	CVXR	existing_library	R_package_mobio;chaoliu_R_package_mobio;lvyan_R_package_mobio	1.0-15;1.8.1		library
data.table	data.table	cran;existing_library	R_package_mobio;chaoliu_R_package_mobio;lvyan_R_package_mobio;manual_manifest	1.18.2.1		full;library
data.tree	data.tree	existing_library	R_package_mobio;chaoliu_R_package_mobio	1.2.0		library
DataExplorer	DataExplorer	existing_library	R_package_mobio;chaoliu_R_package_mobio	0.8.4		library
datasets	datasets	existing_library	lvyan_R_package_mobio	4.5.1		library
datawizard	datawizard	existing_library	R_package_mobio;chaoliu_R_package_mobio	1.3.0		library
DBI	DBI	existing_library	R_package_mobio;chaoliu_R_package_mobio;lvyan_R_package_mobio	1.2.3;1.3.0		library
dbplyr	dbplyr	existing_library	R_package_mobio;chaoliu_R_package_mobio;lvyan_R_package_mobio	2.5.1;2.5.2		library
dbscan	dbscan	existing_library	R_package_mobio	1.2.4		library
DECIPHER	DECIPHER	existing_library	R_package_mobio;chaoliu_R_package_mobio;lvyan_R_package_mobio	3.6.0		library
decontam	decontam	existing_library	R_package_mobio;chaoliu_R_package_mobio;lvyan_R_package_mobio	1.30.0		library
deeptime	deeptime	existing_library	R_package_mobio;chaoliu_R_package_mobio	2.3.1		library
deeptimedata	deeptimedata	existing_library	R_package_mobio;chaoliu_R_package_mobio	1.0.0		library
DelayedArray	DelayedArray	existing_library	R_package_mobio;chaoliu_R_package_mobio;lvyan_R_package_mobio	0.36.0		library
DelayedMatrixStats	DelayedMatrixStats	existing_library	R_package_mobio;chaoliu_R_package_mobio;lvyan_R_package_mobio	1.32.0		library
deldir	deldir	existing_library	R_package_mobio;chaoliu_R_package_mobio	2.0-4		library
dendextend	dendextend	existing_library	R_package_mobio;chaoliu_R_package_mobio	1.19.1		library
DEoptimR	DEoptimR	existing_library	R_package_mobio;chaoliu_R_package_mobio;lvyan_R_package_mobio	1.1-4		library
Deriv	Deriv	existing_library	R_package_mobio;chaoliu_R_package_mobio;lvyan_R_package_mobio	4.2.0		library
desc	desc	existing_library	R_package_mobio;chaoliu_R_package_mobio;lvyan_R_package_mobio	1.4.3		library
DescTools	DescTools	existing_library	R_package_mobio;chaoliu_R_package_mobio;lvyan_R_package_mobio	0.99.60		library
DESeq2	DESeq2	bioconductor;existing_library	R_package_mobio;chaoliu_R_package_mobio;lvyan_R_package_mobio;manual_manifest	1.50.2		core;library
deSolve	deSolve	existing_library	R_package_mobio;chaoliu_R_package_mobio	1.41		library
devtools	devtools	cran;existing_library	R_package_mobio;chaoliu_R_package_mobio;manual_manifest	2.4.6		full;library
diagram	diagram	existing_library	R_package_mobio;chaoliu_R_package_mobio	1.6.5		library
diffobj	diffobj	existing_library	R_package_mobio;chaoliu_R_package_mobio	0.3.6		library
digest	digest	existing_library	R_package_mobio;chaoliu_R_package_mobio;lvyan_R_package_mobio	0.6.39		library
diptest	diptest	existing_library	R_package_mobio;chaoliu_R_package_mobio	0.77-2		library
directlabels	directlabels	existing_library	R_package_mobio;chaoliu_R_package_mobio	2025.6.24		library
DirichletMultinomial	DirichletMultinomial	existing_library	R_package_mobio;chaoliu_R_package_mobio;lvyan_R_package_mobio	1.52.0		library
doBy	doBy	existing_library	R_package_mobio;chaoliu_R_package_mobio;lvyan_R_package_mobio	4.7.1		library
docopt	docopt	existing_library	R_package_mobio;chaoliu_R_package_mobio	0.7.2		library
doFuture	doFuture	existing_library	R_package_mobio;chaoliu_R_package_mobio	1.2.0		library
doParallel	doParallel	existing_library	R_package_mobio;chaoliu_R_package_mobio;lvyan_R_package_mobio	1.0.17		library
doRNG	doRNG	existing_library	R_package_mobio;chaoliu_R_package_mobio;lvyan_R_package_mobio	1.8.6.3		library
DOSE	DOSE	existing_library	R_package_mobio;chaoliu_R_package_mobio	4.4.0		library
DoubletFinder	DoubletFinder	github	manual_manifest		chris-mcginnis-ucsf/DoubletFinder	full
downlit	downlit	existing_library	R_package_mobio;chaoliu_R_package_mobio	0.4.5		library
downloader	downloader	existing_library	R_package_mobio;chaoliu_R_package_mobio	0.4.1		library
dplyr	dplyr	cran;existing_library	R_package_mobio;chaoliu_R_package_mobio;lvyan_R_package_mobio;manual_manifest	1.2.0		core;library
dqrng	dqrng	existing_library	R_package_mobio;chaoliu_R_package_mobio;lvyan_R_package_mobio	0.4.1		library
DT	DT	existing_library	R_package_mobio;chaoliu_R_package_mobio	0.34.0		library
dtplyr	dtplyr	existing_library	R_package_mobio;chaoliu_R_package_mobio;lvyan_R_package_mobio	1.3.3		library
dunn.test	dunn.test	existing_library	R_package_mobio	1.3.7		library
e1071	e1071	cran;existing_library	R_package_mobio;chaoliu_R_package_mobio;lvyan_R_package_mobio;manual_manifest	1.7-17		core;library
ecodist	ecodist	existing_library	R_package_mobio;chaoliu_R_package_mobio	2.1.3		library
ECOSolveR	ECOSolveR	existing_library	R_package_mobio;chaoliu_R_package_mobio	0.5.5		library
edgeR	edgeR	bioconductor;existing_library	R_package_mobio;chaoliu_R_package_mobio;manual_manifest	4.8.2		full;library
effectsize	effectsize	existing_library	R_package_mobio;chaoliu_R_package_mobio	1.0.1		library
ellipse	ellipse	existing_library	R_package_mobio;chaoliu_R_package_mobio	0.5.0		library
ellipsis	ellipsis	existing_library	R_package_mobio;chaoliu_R_package_mobio;lvyan_R_package_mobio	0.3.2		library
elliptic	elliptic	existing_library	R_package_mobio;chaoliu_R_package_mobio	1.5-1		library
emmeans	emmeans	existing_library	R_package_mobio;chaoliu_R_package_mobio;lvyan_R_package_mobio	2.0.1;2.0.2		library
energy	energy	existing_library	R_package_mobio;chaoliu_R_package_mobio;lvyan_R_package_mobio	1.7-12		library
enrichplot	enrichplot	existing_library	R_package_mobio;chaoliu_R_package_mobio	1.30.4		library
estimability	estimability	existing_library	R_package_mobio;chaoliu_R_package_mobio;lvyan_R_package_mobio	1.5.1		library
evaluate	evaluate	existing_library	R_package_mobio;chaoliu_R_package_mobio;lvyan_R_package_mobio	1.0.5		library
Exact	Exact	existing_library	R_package_mobio;chaoliu_R_package_mobio;lvyan_R_package_mobio	3.3		library
expm	expm	existing_library	R_package_mobio;chaoliu_R_package_mobio;lvyan_R_package_mobio	1.0-0		library
factoextra	factoextra	cran;existing_library	R_package_mobio;chaoliu_R_package_mobio;manual_manifest	1.0.7		full;library
FactoMineR	FactoMineR	cran;existing_library	R_package_mobio;chaoliu_R_package_mobio;manual_manifest	2.13		full;library
fansi	fansi	existing_library	R_package_mobio;chaoliu_R_package_mobio;lvyan_R_package_mobio	1.0.7		library
farver	farver	existing_library	R_package_mobio;chaoliu_R_package_mobio;lvyan_R_package_mobio	2.1.2		library
fastmap	fastmap	existing_library	R_package_mobio;chaoliu_R_package_mobio;lvyan_R_package_mobio	1.2.0		library
fastmatch	fastmatch	existing_library	R_package_mobio;chaoliu_R_package_mobio	1.1-8		library
fastshap	fastshap	cran;existing_library	R_package_mobio;chaoliu_R_package_mobio;manual_manifest	0.1.1		core;library
fastVoteR	fastVoteR	existing_library	R_package_mobio;chaoliu_R_package_mobio	0.0.1		library
fgsea	fgsea	bioconductor;existing_library	R_package_mobio;chaoliu_R_package_mobio;manual_manifest	1.36.2		full;library
filelock	filelock	existing_library	lvyan_R_package_mobio	1.0.3		library
fillpattern	fillpattern	existing_library	R_package_mobio;chaoliu_R_package_mobio;lvyan_R_package_mobio	1.0.2;1.0.3		library
findpython	findpython	existing_library	R_package_mobio;chaoliu_R_package_mobio	1.0.9		library
flashClust	flashClust	existing_library	R_package_mobio;chaoliu_R_package_mobio	1.01-2		library
flexmix	flexmix	existing_library	R_package_mobio;chaoliu_R_package_mobio	2.3-20		library
FlexParamCurve	FlexParamCurve	existing_library	R_package_mobio	1.5-7		library
FNN	FNN	existing_library	R_package_mobio;chaoliu_R_package_mobio;lvyan_R_package_mobio	1.1.4.1		library
fontawesome	fontawesome	existing_library	R_package_mobio;chaoliu_R_package_mobio;lvyan_R_package_mobio	0.5.3		library
fontBitstreamVera	fontBitstreamVera	existing_library	R_package_mobio;chaoliu_R_package_mobio	0.1.1		library
fontLiberation	fontLiberation	existing_library	R_package_mobio;chaoliu_R_package_mobio	0.1.0		library
fontquiver	fontquiver	existing_library	R_package_mobio;chaoliu_R_package_mobio	0.2.1		library
forcats	forcats	cran;existing_library	R_package_mobio;chaoliu_R_package_mobio;lvyan_R_package_mobio;manual_manifest	1.0.1		core;library
foreach	foreach	existing_library	R_package_mobio;chaoliu_R_package_mobio;lvyan_R_package_mobio	1.5.2		library
forecast	forecast	existing_library	R_package_mobio;chaoliu_R_package_mobio;lvyan_R_package_mobio	9.0.0;9.0.2		library
foreign	foreign	existing_library	lvyan_R_package_mobio	0.8-91		library
formatR	formatR	existing_library	R_package_mobio;chaoliu_R_package_mobio;lvyan_R_package_mobio	1.14		library
Formula	Formula	existing_library	R_package_mobio;chaoliu_R_package_mobio;lvyan_R_package_mobio	1.2-5		library
fpc	fpc	existing_library	R_package_mobio;chaoliu_R_package_mobio	2.2-14		library
fracdiff	fracdiff	existing_library	R_package_mobio;chaoliu_R_package_mobio;lvyan_R_package_mobio	1.5-3		library
fs	fs	existing_library	R_package_mobio;chaoliu_R_package_mobio;lvyan_R_package_mobio	1.6.6		library
FSA	FSA	existing_library	R_package_mobio	0.10.1		library
fst	fst	existing_library	lvyan_R_package_mobio	0.9.8		library
fstcore	fstcore	existing_library	lvyan_R_package_mobio	0.10.0		library
futile.logger	futile.logger	existing_library	R_package_mobio;chaoliu_R_package_mobio;lvyan_R_package_mobio	1.4.9		library
futile.options	futile.options	existing_library	R_package_mobio;chaoliu_R_package_mobio;lvyan_R_package_mobio	1.0.1		library
future	future	cran;existing_library	R_package_mobio;chaoliu_R_package_mobio;manual_manifest	1.69.0		core;library
future.apply	future.apply	cran;existing_library	R_package_mobio;chaoliu_R_package_mobio;manual_manifest	1.20.1		full;library
gargle	gargle	existing_library	R_package_mobio;chaoliu_R_package_mobio	1.6.1		library
gdata	gdata	existing_library	R_package_mobio;chaoliu_R_package_mobio	3.0.1		library
gdtools	gdtools	existing_library	R_package_mobio;chaoliu_R_package_mobio	0.5.0		library
genefilter	genefilter	bioconductor;existing_library	R_package_mobio;chaoliu_R_package_mobio;manual_manifest	1.92.0		full;library
generics	generics	existing_library	R_package_mobio;chaoliu_R_package_mobio;lvyan_R_package_mobio	0.1.4		library
GenomeInfoDb	GenomeInfoDb	existing_library	R_package_mobio;chaoliu_R_package_mobio	1.46.2		library
GenomeInfoDbData	GenomeInfoDbData	existing_library	R_package_mobio;chaoliu_R_package_mobio	1.2.15		library
GenomicRanges	GenomicRanges	existing_library	R_package_mobio;chaoliu_R_package_mobio;lvyan_R_package_mobio	1.62.1		library
gert	gert	existing_library	R_package_mobio;chaoliu_R_package_mobio;lvyan_R_package_mobio	2.3.1		library
getopt	getopt	existing_library	R_package_mobio;chaoliu_R_package_mobio;lvyan_R_package_mobio	1.20.4		library
GetoptLong	GetoptLong	existing_library	R_package_mobio;chaoliu_R_package_mobio	1.1.0		library
ggalluvial	ggalluvial	existing_library	lvyan_R_package_mobio	0.12.6		library
ggbeeswarm	ggbeeswarm	existing_library	R_package_mobio;chaoliu_R_package_mobio;lvyan_R_package_mobio	0.7.3		library
ggcorrplot	ggcorrplot	existing_library	R_package_mobio;chaoliu_R_package_mobio	0.1.4.1		library
ggfittext	ggfittext	existing_library	R_package_mobio;chaoliu_R_package_mobio	0.10.3		library
ggforce	ggforce	existing_library	R_package_mobio;chaoliu_R_package_mobio	0.5.0		library
ggfortify	ggfortify	cran;existing_library	R_package_mobio;chaoliu_R_package_mobio;manual_manifest	0.4.19		full;library
ggfun	ggfun	existing_library	R_package_mobio;chaoliu_R_package_mobio	0.2.0		library
gggenes	gggenes	existing_library	R_package_mobio;chaoliu_R_package_mobio	0.6.0		library
ggh4x	ggh4x	existing_library	R_package_mobio;chaoliu_R_package_mobio	0.3.1		library
gghalves	gghalves	cran;existing_library	R_package_mobio;chaoliu_R_package_mobio;manual_manifest	0.1.4		full;library
ggiraph	ggiraph	existing_library	R_package_mobio;chaoliu_R_package_mobio	0.9.4		library
ggnewscale	ggnewscale	existing_library	R_package_mobio;chaoliu_R_package_mobio;lvyan_R_package_mobio	0.5.2		library
ggplot2	ggplot2	cran;existing_library	R_package_mobio;chaoliu_R_package_mobio;lvyan_R_package_mobio;manual_manifest	4.0.2		core;library
ggplotify	ggplotify	existing_library	R_package_mobio;chaoliu_R_package_mobio	0.1.3		library
ggpubr	ggpubr	cran;existing_library	R_package_mobio;chaoliu_R_package_mobio;lvyan_R_package_mobio;manual_manifest	0.6.2;0.6.3		core;library
ggraph	ggraph	cran;existing_library	R_package_mobio;chaoliu_R_package_mobio;manual_manifest	2.2.2		core;library
ggrastr	ggrastr	existing_library	R_package_mobio;chaoliu_R_package_mobio;lvyan_R_package_mobio	1.0.2		library
ggrepel	ggrepel	cran;existing_library	R_package_mobio;chaoliu_R_package_mobio;lvyan_R_package_mobio;manual_manifest	0.9.6;0.9.8		full;library
ggsci	ggsci	existing_library	R_package_mobio;chaoliu_R_package_mobio;lvyan_R_package_mobio	4.2.0		library
ggside	ggside	cran;existing_library	R_package_mobio;chaoliu_R_package_mobio;manual_manifest	0.4.1		core;library
ggsignif	ggsignif	existing_library	R_package_mobio;chaoliu_R_package_mobio;lvyan_R_package_mobio	0.6.4		library
ggstatsplot	ggstatsplot	cran;existing_library	R_package_mobio;chaoliu_R_package_mobio;manual_manifest	0.13.5		full;library
ggtangle	ggtangle	existing_library	R_package_mobio;chaoliu_R_package_mobio	0.1.1		library
ggtext	ggtext	existing_library	R_package_mobio;chaoliu_R_package_mobio;lvyan_R_package_mobio	0.1.2		library
ggtree	ggtree	existing_library	R_package_mobio;chaoliu_R_package_mobio	4.0.4		library
ggvenn	ggvenn	cran;existing_library	R_package_mobio;chaoliu_R_package_mobio;manual_manifest	0.1.19		full;library
gh	gh	existing_library	R_package_mobio;chaoliu_R_package_mobio	1.5.0		library
gitcreds	gitcreds	existing_library	R_package_mobio;chaoliu_R_package_mobio	0.1.2		library
glasso	glasso	existing_library	R_package_mobio;chaoliu_R_package_mobio	1.11		library
gld	gld	existing_library	R_package_mobio;chaoliu_R_package_mobio;lvyan_R_package_mobio	2.6.8		library
glmnet	glmnet	cran;existing_library	R_package_mobio;chaoliu_R_package_mobio;manual_manifest	4.1-10		core;library
GlobalAncova	GlobalAncova	bioconductor;existing_library	R_package_mobio;chaoliu_R_package_mobio;manual_manifest	4.28.0		full;library
GlobalOptions	GlobalOptions	existing_library	R_package_mobio;chaoliu_R_package_mobio	0.1.3		library
globals	globals	existing_library	R_package_mobio;chaoliu_R_package_mobio	0.19.0		library
globaltest	globaltest	bioconductor;existing_library	R_package_mobio;chaoliu_R_package_mobio;manual_manifest	5.64.0		full;library
glue	glue	existing_library	R_package_mobio;chaoliu_R_package_mobio;lvyan_R_package_mobio	1.8.0		library
gmodels	gmodels	cran;existing_library	R_package_mobio;chaoliu_R_package_mobio;manual_manifest	2.19.1		full;library
gmp	gmp	existing_library	R_package_mobio;chaoliu_R_package_mobio;lvyan_R_package_mobio	0.7-5.1		library
GO.db	GO.db	existing_library	R_package_mobio;chaoliu_R_package_mobio	3.22.0		library
googledrive	googledrive	existing_library	R_package_mobio;chaoliu_R_package_mobio;lvyan_R_package_mobio	2.1.2		library
googlesheets4	googlesheets4	existing_library	R_package_mobio;chaoliu_R_package_mobio;lvyan_R_package_mobio	1.1.2		library
GOSemSim	GOSemSim	existing_library	R_package_mobio;chaoliu_R_package_mobio	2.36.0		library
gower	gower	existing_library	R_package_mobio;chaoliu_R_package_mobio	1.0.2		library
GPArotation	GPArotation	existing_library	R_package_mobio;chaoliu_R_package_mobio	2025.3-1		library
gplots	gplots	existing_library	R_package_mobio;chaoliu_R_package_mobio	3.3.0		library
graph	graph	existing_library	R_package_mobio;chaoliu_R_package_mobio	1.88.1		library
graphics	graphics	existing_library	lvyan_R_package_mobio	4.5.1		library
graphlayouts	graphlayouts	existing_library	R_package_mobio;chaoliu_R_package_mobio	1.2.2		library
grDevices	grDevices	existing_library	lvyan_R_package_mobio	4.5.1		library
grid	grid	existing_library	lvyan_R_package_mobio	4.5.1		library
gridExtra	gridExtra	existing_library	R_package_mobio;chaoliu_R_package_mobio;lvyan_R_package_mobio	2.3		library
gridGraphics	gridGraphics	existing_library	R_package_mobio;chaoliu_R_package_mobio	0.5-1		library
gridtext	gridtext	existing_library	R_package_mobio;chaoliu_R_package_mobio;lvyan_R_package_mobio	0.1.5;0.1.6		library
grImport2	grImport2	existing_library	R_package_mobio;chaoliu_R_package_mobio	0.3-3		library
GSEABase	GSEABase	existing_library	R_package_mobio;chaoliu_R_package_mobio	1.72.0		library
GseaVis	GseaVis	github	manual_manifest		junjunlab/GseaVis	full
gsl	gsl	existing_library	R_package_mobio;chaoliu_R_package_mobio;lvyan_R_package_mobio	2.1-9		library
gson	gson	existing_library	R_package_mobio;chaoliu_R_package_mobio	0.1.0		library
gtable	gtable	existing_library	R_package_mobio;chaoliu_R_package_mobio;lvyan_R_package_mobio	0.3.6		library
gtools	gtools	existing_library	R_package_mobio;chaoliu_R_package_mobio;lvyan_R_package_mobio	3.9.5		library
hardhat	hardhat	existing_library	R_package_mobio;chaoliu_R_package_mobio	1.4.2		library
harmony	harmony	cran	manual_manifest			full
haven	haven	existing_library	R_package_mobio;chaoliu_R_package_mobio;lvyan_R_package_mobio	2.5.5		library
hdf5r	hdf5r	cran	manual_manifest			full
highr	highr	existing_library	R_package_mobio;chaoliu_R_package_mobio;lvyan_R_package_mobio	0.11;0.12		library
highs	highs	existing_library	lvyan_R_package_mobio	1.12.0-3		library
Hmisc	Hmisc	existing_library	R_package_mobio;chaoliu_R_package_mobio;lvyan_R_package_mobio	5.2-5		library
hms	hms	existing_library	R_package_mobio;chaoliu_R_package_mobio;lvyan_R_package_mobio	1.1.4		library
htmlTable	htmlTable	existing_library	R_package_mobio;chaoliu_R_package_mobio;lvyan_R_package_mobio	2.4.3		library
htmltools	htmltools	existing_library	R_package_mobio;chaoliu_R_package_mobio;lvyan_R_package_mobio	0.5.9		library
htmlwidgets	htmlwidgets	existing_library	R_package_mobio;chaoliu_R_package_mobio;lvyan_R_package_mobio	1.6.4		library
httpuv	httpuv	existing_library	R_package_mobio;chaoliu_R_package_mobio	1.6.16		library
httr	httr	cran;existing_library	R_package_mobio;chaoliu_R_package_mobio;lvyan_R_package_mobio;manual_manifest	1.4.7;1.4.8		full;library
httr2	httr2	existing_library	R_package_mobio;chaoliu_R_package_mobio	1.2.2		library
hunspell	hunspell	existing_library	lvyan_R_package_mobio	3.0.6		library
hypergeo	hypergeo	existing_library	R_package_mobio;chaoliu_R_package_mobio	1.2-14		library
ids	ids	existing_library	R_package_mobio;chaoliu_R_package_mobio	1.0.1		library
igraph	igraph	existing_library	R_package_mobio;chaoliu_R_package_mobio;lvyan_R_package_mobio	2.2.1;2.2.2		library
impute	impute	bioconductor;existing_library	R_package_mobio;chaoliu_R_package_mobio;manual_manifest	1.84.0		full;library
ini	ini	existing_library	R_package_mobio;chaoliu_R_package_mobio	0.3.1		library
insight	insight	existing_library	R_package_mobio;chaoliu_R_package_mobio	1.4.6		library
interp	interp	existing_library	R_package_mobio;chaoliu_R_package_mobio	1.1-6		library
ipred	ipred	existing_library	R_package_mobio;chaoliu_R_package_mobio	0.9-15		library
IRanges	IRanges	existing_library	R_package_mobio;chaoliu_R_package_mobio;lvyan_R_package_mobio	2.44.0		library
irlba	irlba	existing_library	R_package_mobio;chaoliu_R_package_mobio;lvyan_R_package_mobio	2.3.7		library
isoband	isoband	existing_library	R_package_mobio;chaoliu_R_package_mobio;lvyan_R_package_mobio	0.3.0		library
ISOcodes	ISOcodes	existing_library	R_package_mobio	2026.03.28		library
iterators	iterators	existing_library	R_package_mobio;chaoliu_R_package_mobio;lvyan_R_package_mobio	1.0.14		library
janeaustenr	janeaustenr	existing_library	R_package_mobio;chaoliu_R_package_mobio	1.0.0		library
jpeg	jpeg	existing_library	R_package_mobio;chaoliu_R_package_mobio;lvyan_R_package_mobio	0.1-11		library
jquerylib	jquerylib	existing_library	R_package_mobio;chaoliu_R_package_mobio;lvyan_R_package_mobio	0.1.4		library
jsonlite	jsonlite	existing_library	R_package_mobio;chaoliu_R_package_mobio;lvyan_R_package_mobio	2.0.0		library
kableExtra	kableExtra	cran;existing_library	R_package_mobio;chaoliu_R_package_mobio;manual_manifest	1.4.0		full;library
KEGG.db	KEGG.db	local_or_generated	metabo_R_packagess.md		createKEGGdb output or local KEGG.db_1.0.tar.gz	full
KEGGgraph	KEGGgraph	bioconductor;existing_library	R_package_mobio;chaoliu_R_package_mobio;manual_manifest	1.70.0		full;library
KEGGREST	KEGGREST	bioconductor;existing_library	R_package_mobio;chaoliu_R_package_mobio;manual_manifest	1.50.0		full;library
kernelshap	kernelshap	cran;existing_library	R_package_mobio;chaoliu_R_package_mobio;manual_manifest	0.9.1		core;library
kernlab	kernlab	existing_library	R_package_mobio;chaoliu_R_package_mobio	0.9-33		library
KernSmooth	KernSmooth	existing_library	lvyan_R_package_mobio	2.23-26		library
keyring	keyring	existing_library	lvyan_R_package_mobio	1.4.0.9000		library
kknn	kknn	cran;existing_library	R_package_mobio;manual_manifest	1.4.1		core;library
knitr	knitr	existing_library	R_package_mobio;chaoliu_R_package_mobio;lvyan_R_package_mobio	1.51		library
kSamples	kSamples	cran;existing_library	R_package_mobio;chaoliu_R_package_mobio;manual_manifest	1.2-12		core;library
labeling	labeling	existing_library	R_package_mobio;chaoliu_R_package_mobio;lvyan_R_package_mobio	0.4.3		library
lambda.r	lambda.r	existing_library	R_package_mobio;chaoliu_R_package_mobio;lvyan_R_package_mobio	1.2.4		library
lamW	lamW	existing_library	R_package_mobio	2.2.7		library
languageserver	languageserver	existing_library	R_package_mobio;chaoliu_R_package_mobio	0.0.0.9000;0.3.16		library
later	later	existing_library	R_package_mobio;chaoliu_R_package_mobio	1.4.5		library
lattice	lattice	existing_library	lvyan_R_package_mobio	0.22-9		library
latticeExtra	latticeExtra	existing_library	R_package_mobio;chaoliu_R_package_mobio	0.6-31		library
lava	lava	existing_library	R_package_mobio;chaoliu_R_package_mobio	1.8.2		library
lazyeval	lazyeval	existing_library	R_package_mobio;chaoliu_R_package_mobio;lvyan_R_package_mobio	0.2.2		library
leaps	leaps	existing_library	R_package_mobio;chaoliu_R_package_mobio	3.2		library
lgr	lgr	cran;existing_library	R_package_mobio;chaoliu_R_package_mobio;manual_manifest	0.5.2		core;library
lifecycle	lifecycle	existing_library	R_package_mobio;chaoliu_R_package_mobio;lvyan_R_package_mobio	1.0.5		library
lightgbm	lightgbm	cran;existing_library	R_package_mobio;chaoliu_R_package_mobio;manual_manifest	4.6.0		core;library
limma	limma	bioconductor;existing_library	R_package_mobio;chaoliu_R_package_mobio;manual_manifest	3.66.0		full;library
linkXTS	linkXTS	existing_library	R_package_mobio;chaoliu_R_package_mobio	1.0		library
lintr	lintr	existing_library	R_package_mobio;chaoliu_R_package_mobio	3.3.0-1		library
listenv	listenv	existing_library	R_package_mobio;chaoliu_R_package_mobio	0.10.0		library
litedown	litedown	existing_library	R_package_mobio;chaoliu_R_package_mobio;lvyan_R_package_mobio	0.9		library
littler	littler	existing_library	R_package_mobio;chaoliu_R_package_mobio	0.3.22		library
lme4	lme4	existing_library	R_package_mobio;chaoliu_R_package_mobio;lvyan_R_package_mobio	1.1-38;2.0-1		library
lmerTest	lmerTest	existing_library	R_package_mobio;chaoliu_R_package_mobio;lvyan_R_package_mobio	3.2-0;3.2-1		library
lmom	lmom	existing_library	R_package_mobio;chaoliu_R_package_mobio;lvyan_R_package_mobio	3.2;3.3		library
lmtest	lmtest	existing_library	R_package_mobio;chaoliu_R_package_mobio;lvyan_R_package_mobio	0.9-40		library
locfit	locfit	existing_library	R_package_mobio;chaoliu_R_package_mobio;lvyan_R_package_mobio	1.5-9.12		library
logging	logging	existing_library	R_package_mobio;chaoliu_R_package_mobio;lvyan_R_package_mobio	0.10-108		library
lpSolve	lpSolve	existing_library	R_package_mobio;lvyan_R_package_mobio	5.6.23		library
lubridate	lubridate	existing_library	R_package_mobio;chaoliu_R_package_mobio;lvyan_R_package_mobio	1.9.5		library
maaslin3	maaslin3	bioconductor;existing_library	R_package_mobio;chaoliu_R_package_mobio;lvyan_R_package_mobio;manual_manifest	1.2.0		core;library
magrittr	magrittr	existing_library	R_package_mobio;chaoliu_R_package_mobio;lvyan_R_package_mobio	2.0.4;2.0.5		library
MALDIquant	MALDIquant	existing_library	R_package_mobio;chaoliu_R_package_mobio	1.22.3		library
markdown	markdown	existing_library	R_package_mobio;chaoliu_R_package_mobio;lvyan_R_package_mobio	2.0		library
MASS	MASS	existing_library	lvyan_R_package_mobio	7.3-65		core;library
mathjaxr	mathjaxr	existing_library	R_package_mobio;chaoliu_R_package_mobio	2.0-0		library
Matrix	Matrix	cran;existing_library	lvyan_R_package_mobio;manual_manifest	1.7-5		core;library
MatrixGenerics	MatrixGenerics	existing_library	R_package_mobio;chaoliu_R_package_mobio;lvyan_R_package_mobio	1.22.0		library
MatrixModels	MatrixModels	existing_library	R_package_mobio;chaoliu_R_package_mobio;lvyan_R_package_mobio	0.5-4		library
matrixStats	matrixStats	existing_library	R_package_mobio;chaoliu_R_package_mobio;lvyan_R_package_mobio	1.5.0		library
mclust	mclust	existing_library	R_package_mobio;chaoliu_R_package_mobio	6.1.2		library
memoise	memoise	existing_library	R_package_mobio;chaoliu_R_package_mobio;lvyan_R_package_mobio	2.0.1		library
MetaboAnalystR	MetaboAnalystR	existing_library;github	R_package_mobio;chaoliu_R_package_mobio;manual_manifest	4.0.0	xia-lab/MetaboAnalystR	full;library
MetaboCoreUtils	MetaboCoreUtils	existing_library	R_package_mobio;chaoliu_R_package_mobio;lvyan_R_package_mobio	1.18.1		library
metadat	metadat	existing_library	R_package_mobio;chaoliu_R_package_mobio	1.4-0		library
metafor	metafor	existing_library	R_package_mobio;chaoliu_R_package_mobio	4.8-0		library
methods	methods	existing_library	lvyan_R_package_mobio	4.5.1		library
mgcv	mgcv	existing_library	lvyan_R_package_mobio	1.9-4		library
mia	mia	bioconductor;existing_library	R_package_mobio;chaoliu_R_package_mobio;lvyan_R_package_mobio;manual_manifest	1.18.0		core;library
miaViz	miaViz	existing_library	R_package_mobio;chaoliu_R_package_mobio	1.18.0		library
microbenchmark	microbenchmark	existing_library	R_package_mobio;chaoliu_R_package_mobio;lvyan_R_package_mobio	1.5.0		library
microbiome	microbiome	existing_library	lvyan_R_package_mobio	1.32.0		library
miloR	miloR	bioconductor	manual_manifest			full
mime	mime	existing_library	R_package_mobio;chaoliu_R_package_mobio;lvyan_R_package_mobio	0.13		library
mimosa	mimosa	github	manual_manifest		borenstein-lab/mimosa2	full
miniUI	miniUI	existing_library	R_package_mobio;chaoliu_R_package_mobio	0.1.2		library
minqa	minqa	existing_library	R_package_mobio;chaoliu_R_package_mobio;lvyan_R_package_mobio	1.2.8		library
mirai	mirai	existing_library	R_package_mobio	2.7.0		library
mlbench	mlbench	existing_library	R_package_mobio;chaoliu_R_package_mobio	2.1-6		library
mlr3	mlr3	cran;existing_library	R_package_mobio;manual_manifest	1.6.0		full;library
mlr3cluster	mlr3cluster	existing_library	R_package_mobio	0.3.0		library
mlr3cmprsk	mlr3cmprsk	github	manual_manifest		mlr-org/mlr3cmprsk	core
mlr3data	mlr3data	existing_library	R_package_mobio;chaoliu_R_package_mobio	0.9.0		library
mlr3extralearners	mlr3extralearners	existing_library;github	R_package_mobio;chaoliu_R_package_mobio;manual_manifest	1.0.0	https://github.com/mlr-org/mlr3extralearners/archive/refs/tags/v1.5.2.tar.gz	core;library
mlr3filters	mlr3filters	cran;existing_library	R_package_mobio;manual_manifest	0.9.1		full;library
mlr3fselect	mlr3fselect	cran;existing_library	R_package_mobio;manual_manifest	1.5.1		core;library
mlr3hyperband	mlr3hyperband	existing_library	R_package_mobio	1.1.0		library
mlr3inferr	mlr3inferr	existing_library	R_package_mobio	0.2.1		library
mlr3learners	mlr3learners	cran;existing_library	R_package_mobio;manual_manifest	0.14.0		core;library
mlr3mbo	mlr3mbo	existing_library	R_package_mobio	1.1.1		library
mlr3measures	mlr3measures	cran;existing_library	R_package_mobio;chaoliu_R_package_mobio;manual_manifest	1.2.0		full;library
mlr3misc	mlr3misc	existing_library	R_package_mobio;chaoliu_R_package_mobio	0.19.0;0.21.0		library
mlr3pipelines	mlr3pipelines	cran;existing_library	R_package_mobio;manual_manifest	0.11.0		full;library
mlr3proba	mlr3proba	github	manual_manifest		mlr-org/mlr3proba	core
mlr3tuning	mlr3tuning	cran;existing_library	R_package_mobio;manual_manifest	1.6.0		core;library
mlr3tuningspaces	mlr3tuningspaces	cran;existing_library	R_package_mobio;manual_manifest	0.6.0		full;library
mlr3verse	mlr3verse	cran;existing_library	R_package_mobio;chaoliu_R_package_mobio;manual_manifest	0.3.1		core;library
mlr3viz	mlr3viz	existing_library	R_package_mobio;chaoliu_R_package_mobio	0.10.1		library
mltools	mltools	cran;existing_library	R_package_mobio;chaoliu_R_package_mobio;manual_manifest	0.3.5		full;library
MMUPHin	MMUPHin	bioconductor;existing_library	R_package_mobio;chaoliu_R_package_mobio;manual_manifest	1.99.3		core;library
mnormt	mnormt	existing_library	R_package_mobio;chaoliu_R_package_mobio	2.1.2		library
ModelMetrics	ModelMetrics	existing_library	R_package_mobio;chaoliu_R_package_mobio	1.2.2.2		library
modelr	modelr	existing_library	R_package_mobio;chaoliu_R_package_mobio;lvyan_R_package_mobio	0.1.11		library
modeltools	modeltools	existing_library	R_package_mobio;chaoliu_R_package_mobio	0.2-24		library
MsCoreUtils	MsCoreUtils	existing_library	R_package_mobio;chaoliu_R_package_mobio;lvyan_R_package_mobio	1.22.1		library
MSnbase	MSnbase	bioconductor;existing_library	R_package_mobio;chaoliu_R_package_mobio;manual_manifest	2.36.0		full;library
multcomp	multcomp	existing_library	R_package_mobio;chaoliu_R_package_mobio;lvyan_R_package_mobio	1.4-29;1.4-30		library
multcompView	multcompView	existing_library	R_package_mobio;chaoliu_R_package_mobio	0.1-10		library
MultiAssayExperiment	MultiAssayExperiment	existing_library	R_package_mobio;chaoliu_R_package_mobio;lvyan_R_package_mobio	1.36.1		library
MultiDataSet	MultiDataSet	existing_library	R_package_mobio;chaoliu_R_package_mobio	1.38.0		library
multtest	multtest	bioconductor;existing_library	R_package_mobio;chaoliu_R_package_mobio;lvyan_R_package_mobio;manual_manifest	2.66.0		full;library
munsell	munsell	existing_library	R_package_mobio;chaoliu_R_package_mobio	0.5.1		library
mvtnorm	mvtnorm	existing_library	R_package_mobio;chaoliu_R_package_mobio;lvyan_R_package_mobio	1.3-3;1.3-6		library
mvtnormAPI	mvtnormAPI	existing_library	R_package_mobio;chaoliu_R_package_mobio;lvyan_R_package_mobio	1.0-0		library
mzID	mzID	existing_library	R_package_mobio;chaoliu_R_package_mobio	1.48.0		library
mzR	mzR	existing_library	R_package_mobio;chaoliu_R_package_mobio	2.44.0		library
naivebayes	naivebayes	cran;existing_library	R_package_mobio;manual_manifest	1.0.0		full;library
nanonext	nanonext	existing_library	R_package_mobio	1.9.0		library
ncdf4	ncdf4	existing_library	R_package_mobio;chaoliu_R_package_mobio	1.24		library
networkD3	networkD3	existing_library	R_package_mobio;chaoliu_R_package_mobio	0.4.1		library
nlme	nlme	existing_library	lvyan_R_package_mobio	3.1-168		library
nloptr	nloptr	existing_library	R_package_mobio;chaoliu_R_package_mobio;lvyan_R_package_mobio	2.1.1;2.2.1		library
nnet	nnet	cran;existing_library	lvyan_R_package_mobio;manual_manifest	7.3-20		full;library
nnls	nnls	existing_library	R_package_mobio	1.6		library
nortest	nortest	existing_library	R_package_mobio	1.0-4		library
numDeriv	numDeriv	existing_library	R_package_mobio;chaoliu_R_package_mobio;lvyan_R_package_mobio	2016.8-1.1		library
openssl	openssl	existing_library	R_package_mobio;chaoliu_R_package_mobio;lvyan_R_package_mobio	2.3.4;2.3.5		library
openxlsx	openxlsx	cran;existing_library	R_package_mobio;chaoliu_R_package_mobio;lvyan_R_package_mobio;manual_manifest	4.2.8.1		core;library
optparse	optparse	cran;existing_library	R_package_mobio;chaoliu_R_package_mobio;lvyan_R_package_mobio;manual_manifest	1.7.5		core;library
org.Hs.eg.db	org.Hs.eg.db	bioconductor;existing_library	R_package_mobio;chaoliu_R_package_mobio;manual_manifest	3.22.0		full;library
org.Mm.eg.db	org.Mm.eg.db	bioconductor	manual_manifest			full
org.testing.db	org.testing.db	existing_library	R_package_mobio;chaoliu_R_package_mobio	0.1		library
osqp	osqp	existing_library	R_package_mobio;chaoliu_R_package_mobio;lvyan_R_package_mobio	0.6.3.3;1.0.0		library
otel	otel	existing_library	R_package_mobio;chaoliu_R_package_mobio	0.2.0		library
pacman	pacman	cran;existing_library	R_package_mobio;chaoliu_R_package_mobio;lvyan_R_package_mobio;manual_manifest	0.5.1		core;library
pak	pak	cran;existing_library	lvyan_R_package_mobio;manual_manifest	0.9.2		full;library
paletteer	paletteer	existing_library	R_package_mobio;chaoliu_R_package_mobio	1.7.0		library
palmerpenguins	palmerpenguins	existing_library	R_package_mobio;chaoliu_R_package_mobio	0.1.1		library
pander	pander	cran	manual_manifest			full
paradox	paradox	cran;existing_library	R_package_mobio;chaoliu_R_package_mobio;manual_manifest	1.0.1		core;library
parallel	parallel	existing_library	lvyan_R_package_mobio	4.5.1		library
parallelly	parallelly	existing_library	R_package_mobio;chaoliu_R_package_mobio;lvyan_R_package_mobio	1.46.1		library
parameters	parameters	existing_library	R_package_mobio;chaoliu_R_package_mobio	0.28.3		library
patchwork	patchwork	cran;existing_library	R_package_mobio;chaoliu_R_package_mobio;lvyan_R_package_mobio;manual_manifest	1.3.2		core;library
pathview	pathview	bioconductor;existing_library	R_package_mobio;chaoliu_R_package_mobio;manual_manifest	1.50.0		full;library
pbapply	pbapply	existing_library	R_package_mobio;chaoliu_R_package_mobio;lvyan_R_package_mobio	1.7-4		library
pbkrtest	pbkrtest	existing_library	R_package_mobio;chaoliu_R_package_mobio;lvyan_R_package_mobio	0.5.5		library
pcaMethods	pcaMethods	bioconductor;existing_library	R_package_mobio;chaoliu_R_package_mobio;manual_manifest	2.2.0		full;library
performance	performance	existing_library	R_package_mobio;chaoliu_R_package_mobio	0.16.0		library
permute	permute	existing_library	R_package_mobio;chaoliu_R_package_mobio;lvyan_R_package_mobio	0.9-10		library
pheatmap	pheatmap	cran;existing_library	R_package_mobio;chaoliu_R_package_mobio;lvyan_R_package_mobio;manual_manifest	1.0.13		core;library
phyloseq	phyloseq	bioconductor;existing_library	R_package_mobio;chaoliu_R_package_mobio;lvyan_R_package_mobio;manual_manifest	1.54.0;1.54.2		core;library
pillar	pillar	existing_library	R_package_mobio;chaoliu_R_package_mobio;lvyan_R_package_mobio	1.11.1		library
pixmap	pixmap	existing_library	R_package_mobio;chaoliu_R_package_mobio	0.4-14		library
pkgbuild	pkgbuild	existing_library	R_package_mobio;chaoliu_R_package_mobio;lvyan_R_package_mobio	1.4.8		library
pkgcache	pkgcache	existing_library	lvyan_R_package_mobio	2.2.4.9000		library
pkgconfig	pkgconfig	existing_library	R_package_mobio;chaoliu_R_package_mobio;lvyan_R_package_mobio	2.0.3		library
pkgdepends	pkgdepends	existing_library	lvyan_R_package_mobio	0.9.0.9000		library
pkgdown	pkgdown	existing_library	R_package_mobio;chaoliu_R_package_mobio	2.2.0		library
pkgload	pkgload	existing_library	R_package_mobio;chaoliu_R_package_mobio	1.5.0		library
pkgsearch	pkgsearch	existing_library	lvyan_R_package_mobio	3.1.5		library
plogr	plogr	existing_library	R_package_mobio;chaoliu_R_package_mobio	0.2.0		library
plotly	plotly	cran;existing_library	R_package_mobio;chaoliu_R_package_mobio;manual_manifest	4.12.0		full;library
plotrix	plotrix	existing_library	R_package_mobio	3.8-14		library
plyinteractions	plyinteractions	bioconductor	manual_manifest			full
plyr	plyr	existing_library	R_package_mobio;chaoliu_R_package_mobio;lvyan_R_package_mobio	1.8.9		library
PMCMRplus	PMCMRplus	existing_library	R_package_mobio;chaoliu_R_package_mobio	1.9.12		library
png	png	existing_library	R_package_mobio;chaoliu_R_package_mobio;lvyan_R_package_mobio	0.1-8;0.1-9		library
polspline	polspline	existing_library	R_package_mobio	1.1.25		library
polyclip	polyclip	existing_library	R_package_mobio;chaoliu_R_package_mobio	1.10-7		library
polynom	polynom	existing_library	R_package_mobio;chaoliu_R_package_mobio;lvyan_R_package_mobio	1.4-1		library
prabclus	prabclus	existing_library	R_package_mobio;chaoliu_R_package_mobio	2.3-5		library
praise	praise	existing_library	R_package_mobio;chaoliu_R_package_mobio	1.0.0		library
precrec	precrec	existing_library	R_package_mobio;chaoliu_R_package_mobio	0.14.5		library
preprocessCore	preprocessCore	bioconductor;existing_library	R_package_mobio;chaoliu_R_package_mobio;manual_manifest	1.72.0		full;library
prettyunits	prettyunits	existing_library	R_package_mobio;chaoliu_R_package_mobio;lvyan_R_package_mobio	1.2.0		library
prismatic	prismatic	existing_library	R_package_mobio;chaoliu_R_package_mobio	1.1.2		library
pROC	pROC	cran;existing_library	R_package_mobio;chaoliu_R_package_mobio;manual_manifest	1.19.0.1		core;library
processx	processx	existing_library	R_package_mobio;chaoliu_R_package_mobio;lvyan_R_package_mobio	3.8.6		library
prodlim	prodlim	existing_library	R_package_mobio;chaoliu_R_package_mobio	2025.04.28;2026.03.11		library
profvis	profvis	existing_library	R_package_mobio;chaoliu_R_package_mobio	0.4.0		library
progress	progress	existing_library	R_package_mobio;chaoliu_R_package_mobio;lvyan_R_package_mobio	1.2.3		library
progressr	progressr	cran;existing_library	R_package_mobio;chaoliu_R_package_mobio;manual_manifest	0.18.0		core;library
promises	promises	existing_library	R_package_mobio;chaoliu_R_package_mobio	1.5.0		library
ProtGenerics	ProtGenerics	existing_library	R_package_mobio;chaoliu_R_package_mobio	1.42.0		library
proxy	proxy	existing_library	R_package_mobio;chaoliu_R_package_mobio;lvyan_R_package_mobio	0.4-29		library
PRROC	PRROC	existing_library	R_package_mobio;chaoliu_R_package_mobio	1.4		library
ps	ps	existing_library	R_package_mobio;chaoliu_R_package_mobio;lvyan_R_package_mobio	1.9.1		library
pscl	pscl	existing_library	lvyan_R_package_mobio	1.5.9		library
PSMatch	PSMatch	existing_library	R_package_mobio;chaoliu_R_package_mobio	1.14.0		library
psych	psych	cran;existing_library	R_package_mobio;chaoliu_R_package_mobio;manual_manifest	2.6.1		full;library
purrr	purrr	existing_library	R_package_mobio;chaoliu_R_package_mobio;lvyan_R_package_mobio	1.2.1		library
QFeatures	QFeatures	existing_library	R_package_mobio;chaoliu_R_package_mobio	1.20.0		library
qqman	qqman	existing_library	R_package_mobio;chaoliu_R_package_mobio	0.1.9		library
qs	qs	cran;existing_library	R_package_mobio;chaoliu_R_package_mobio;manual_manifest	0.27.2		full;library
quadprog	quadprog	existing_library	R_package_mobio;chaoliu_R_package_mobio	1.5-8		library
quantmod	quantmod	existing_library	R_package_mobio;chaoliu_R_package_mobio	0.4.28		library
quantreg	quantreg	existing_library	R_package_mobio;chaoliu_R_package_mobio;lvyan_R_package_mobio	6.1		library
quarto	quarto	cran	manual_manifest			full
qvalue	qvalue	bioconductor;existing_library	R_package_mobio;chaoliu_R_package_mobio;manual_manifest	2.42.0		full;library
R.cache	R.cache	existing_library	R_package_mobio;chaoliu_R_package_mobio	0.17.0		library
R.methodsS3	R.methodsS3	existing_library	R_package_mobio;chaoliu_R_package_mobio	1.8.2		library
R.oo	R.oo	existing_library	R_package_mobio;chaoliu_R_package_mobio	1.27.1		library
R.utils	R.utils	cran;existing_library	R_package_mobio;chaoliu_R_package_mobio;manual_manifest	2.13.0		full;library
R6	R6	existing_library	R_package_mobio;chaoliu_R_package_mobio;lvyan_R_package_mobio	2.5.1;2.6.1		library
ragg	ragg	cran;existing_library	R_package_mobio;chaoliu_R_package_mobio;lvyan_R_package_mobio;manual_manifest	1.2.5;1.5.0		core;library
randomForest	randomForest	cran;existing_library	R_package_mobio;chaoliu_R_package_mobio;lvyan_R_package_mobio;manual_manifest	4.7-1.2		full;library
ranger	ranger	cran;existing_library	R_package_mobio;chaoliu_R_package_mobio;manual_manifest	0.18.0		core;library
RApiSerialize	RApiSerialize	existing_library	R_package_mobio;chaoliu_R_package_mobio	0.1.4		library
rappdirs	rappdirs	existing_library	R_package_mobio;chaoliu_R_package_mobio;lvyan_R_package_mobio	0.3.4		library
RBGL	RBGL	bioconductor;existing_library	R_package_mobio;chaoliu_R_package_mobio;manual_manifest	1.86.0		full;library
rbibutils	rbibutils	existing_library	R_package_mobio;chaoliu_R_package_mobio;lvyan_R_package_mobio	2.4.1		library
rbiom	rbiom	existing_library	R_package_mobio;chaoliu_R_package_mobio;lvyan_R_package_mobio	2.2.1		library
rBLAST	rBLAST	bioconductor	manual_manifest			full
rcmdcheck	rcmdcheck	existing_library	R_package_mobio;chaoliu_R_package_mobio	1.4.0		library
RColorBrewer	RColorBrewer	cran;existing_library	R_package_mobio;chaoliu_R_package_mobio;lvyan_R_package_mobio;manual_manifest	1.1-3		core;library
Rcpp	Rcpp	existing_library	R_package_mobio;chaoliu_R_package_mobio;lvyan_R_package_mobio	1.1.1		library
RcppAnnoy	RcppAnnoy	existing_library	R_package_mobio;chaoliu_R_package_mobio;lvyan_R_package_mobio	0.0.23		library
RcppArmadillo	RcppArmadillo	existing_library	R_package_mobio;chaoliu_R_package_mobio;lvyan_R_package_mobio	15.2.3-1		library
RcppEigen	RcppEigen	existing_library	R_package_mobio;chaoliu_R_package_mobio;lvyan_R_package_mobio	0.3.4.0.2		library
RcppHNSW	RcppHNSW	existing_library	R_package_mobio;chaoliu_R_package_mobio	0.6.0		library
RcppML	RcppML	existing_library	R_package_mobio;chaoliu_R_package_mobio;lvyan_R_package_mobio	0.3.7;0.3.7.1		library
RcppParallel	RcppParallel	existing_library	R_package_mobio;chaoliu_R_package_mobio;lvyan_R_package_mobio	5.1.11-1;5.1.11-2		library
RcppProgress	RcppProgress	existing_library	R_package_mobio;chaoliu_R_package_mobio;lvyan_R_package_mobio	0.4.2		library
RcppProgressArmadillo	RcppProgressArmadillo	existing_library	R_package_mobio;chaoliu_R_package_mobio;lvyan_R_package_mobio	0.2		library
RcppProgressETA	RcppProgressETA	existing_library	R_package_mobio;chaoliu_R_package_mobio;lvyan_R_package_mobio	0.1		library
RcppProgressExample	RcppProgressExample	existing_library	R_package_mobio;chaoliu_R_package_mobio;lvyan_R_package_mobio	0.2		library
RcppTOML	RcppTOML	existing_library	lvyan_R_package_mobio	0.2.3		library
RCurl	RCurl	existing_library	R_package_mobio;chaoliu_R_package_mobio	1.98-1.17		library
Rdpack	Rdpack	existing_library	R_package_mobio;chaoliu_R_package_mobio;lvyan_R_package_mobio	2.6.6		library
readr	readr	cran;existing_library	R_package_mobio;chaoliu_R_package_mobio;lvyan_R_package_mobio;manual_manifest	2.1.6;2.2.0		core;library
readxl	readxl	cran;existing_library	R_package_mobio;chaoliu_R_package_mobio;lvyan_R_package_mobio;manual_manifest	1.4.5		core;library
recipes	recipes	existing_library	R_package_mobio;chaoliu_R_package_mobio	1.3.1		library
reformulas	reformulas	existing_library	R_package_mobio;chaoliu_R_package_mobio;lvyan_R_package_mobio	0.4.4		library
registry	registry	existing_library	R_package_mobio	0.5-1		library
rematch	rematch	existing_library	R_package_mobio;chaoliu_R_package_mobio;lvyan_R_package_mobio	2.0.0		library
rematch2	rematch2	existing_library	R_package_mobio;chaoliu_R_package_mobio	2.1.2		library
remotes	remotes	cran;existing_library	R_package_mobio;chaoliu_R_package_mobio;lvyan_R_package_mobio;manual_manifest	2.5.0		core;library
renv	renv	existing_library	lvyan_R_package_mobio	1.2.0		library
repr	repr	existing_library	R_package_mobio;chaoliu_R_package_mobio	1.1.7		library
reprex	reprex	existing_library	R_package_mobio;chaoliu_R_package_mobio;lvyan_R_package_mobio	2.1.1		library
reshape	reshape	existing_library	R_package_mobio;chaoliu_R_package_mobio	0.8.10		library
reshape2	reshape2	cran;existing_library	R_package_mobio;chaoliu_R_package_mobio;lvyan_R_package_mobio;manual_manifest	1.4.5		core;library
rex	rex	existing_library	R_package_mobio;chaoliu_R_package_mobio;lvyan_R_package_mobio	1.2.1		library
Rfast	Rfast	existing_library	R_package_mobio;chaoliu_R_package_mobio	2.1.5.2		library
Rgraphviz	Rgraphviz	bioconductor;existing_library	R_package_mobio;chaoliu_R_package_mobio;manual_manifest	2.54.0		full;library
rhdf5	rhdf5	existing_library	R_package_mobio;chaoliu_R_package_mobio	2.54.1		library
rhdf5filters	rhdf5filters	existing_library	R_package_mobio;chaoliu_R_package_mobio	1.22.0		library
Rhdf5lib	Rhdf5lib	existing_library	R_package_mobio;chaoliu_R_package_mobio	1.32.0		library
rJava	rJava	cran;existing_library	R_package_mobio;manual_manifest	1.0-18		full;library
rjson	rjson	existing_library	R_package_mobio;chaoliu_R_package_mobio	0.2.23		library
rlang	rlang	existing_library	R_package_mobio;chaoliu_R_package_mobio;lvyan_R_package_mobio	1.1.7		library
rmarkdown	rmarkdown	existing_library	R_package_mobio;chaoliu_R_package_mobio;lvyan_R_package_mobio	2.30;2.31		library
Rmpfr	Rmpfr	existing_library	R_package_mobio;chaoliu_R_package_mobio;lvyan_R_package_mobio	0.9-5;1.1-2		library
rngtools	rngtools	existing_library	R_package_mobio;chaoliu_R_package_mobio;lvyan_R_package_mobio	1.5.2		library
robustbase	robustbase	cran;existing_library	R_package_mobio;chaoliu_R_package_mobio;lvyan_R_package_mobio;manual_manifest	0.99-7		core;library
ROCR	ROCR	cran;existing_library	R_package_mobio;manual_manifest	1.0-12		core;library
rootSolve	rootSolve	existing_library	R_package_mobio;chaoliu_R_package_mobio;lvyan_R_package_mobio	1.8.2.4		library
ropls	ropls	bioconductor;existing_library	R_package_mobio;chaoliu_R_package_mobio;manual_manifest	1.42.0		full;library
roxygen2	roxygen2	cran;existing_library	R_package_mobio;chaoliu_R_package_mobio;lvyan_R_package_mobio;manual_manifest	7.3.3		full;library
rpart	rpart	cran;existing_library	lvyan_R_package_mobio;manual_manifest	4.1.24		full;library
rprojroot	rprojroot	cran;existing_library	R_package_mobio;chaoliu_R_package_mobio;lvyan_R_package_mobio;manual_manifest	2.1.1		core;library
Rserve	Rserve	existing_library	R_package_mobio;chaoliu_R_package_mobio	1.8-17		library
RSpectra	RSpectra	existing_library	R_package_mobio;chaoliu_R_package_mobio;lvyan_R_package_mobio	0.16-2		library
RSQLite	RSQLite	existing_library	R_package_mobio;chaoliu_R_package_mobio	2.4.6		library
RStanTest	RStanTest	existing_library	R_package_mobio;chaoliu_R_package_mobio	0.0.0.9000		library
rstantools	rstantools	existing_library	R_package_mobio;chaoliu_R_package_mobio	2.6.0		library
rstatix	rstatix	cran;existing_library	R_package_mobio;chaoliu_R_package_mobio;lvyan_R_package_mobio;manual_manifest	0.7.3		full;library
rstudioapi	rstudioapi	existing_library	R_package_mobio;chaoliu_R_package_mobio;lvyan_R_package_mobio	0.18.0		library
rsvd	rsvd	existing_library	R_package_mobio;chaoliu_R_package_mobio;lvyan_R_package_mobio	1.0.5		library
Rtsne	Rtsne	existing_library	R_package_mobio;chaoliu_R_package_mobio;lvyan_R_package_mobio	0.17		library
rversions	rversions	existing_library	R_package_mobio;chaoliu_R_package_mobio	3.0.0		library
rvest	rvest	existing_library	R_package_mobio;chaoliu_R_package_mobio;lvyan_R_package_mobio	1.0.5		library
RWeka	RWeka	cran;existing_library	R_package_mobio;manual_manifest	0.4-48		full;library
RWekajars	RWekajars	existing_library	R_package_mobio	3.9.3-2		library
S4Arrays	S4Arrays	existing_library	R_package_mobio;chaoliu_R_package_mobio;lvyan_R_package_mobio	1.10.1		library
S4Vectors	S4Vectors	existing_library	R_package_mobio;chaoliu_R_package_mobio;lvyan_R_package_mobio	0.48.0		library
S7	S7	existing_library	R_package_mobio;chaoliu_R_package_mobio;lvyan_R_package_mobio	0.2.1		library
safetensors	safetensors	existing_library	R_package_mobio	0.2.1		library
sandwich	sandwich	existing_library	R_package_mobio;chaoliu_R_package_mobio;lvyan_R_package_mobio	3.1-1		library
sass	sass	existing_library	R_package_mobio;chaoliu_R_package_mobio;lvyan_R_package_mobio	0.4.10		library
ScaledMatrix	ScaledMatrix	existing_library	R_package_mobio;chaoliu_R_package_mobio;lvyan_R_package_mobio	1.18.0		library
scales	scales	existing_library	R_package_mobio;chaoliu_R_package_mobio;lvyan_R_package_mobio	1.4.0		library
scater	scater	existing_library	R_package_mobio;chaoliu_R_package_mobio;lvyan_R_package_mobio	1.38.0;1.38.1		library
scatterpie	scatterpie	existing_library	R_package_mobio;chaoliu_R_package_mobio	0.2.6		library
scatterplot3d	scatterplot3d	cran;existing_library	R_package_mobio;chaoliu_R_package_mobio;manual_manifest	0.3-44		full;library
scrime	scrime	existing_library	R_package_mobio;chaoliu_R_package_mobio	1.3.7		library
scs	scs	existing_library	R_package_mobio;chaoliu_R_package_mobio;lvyan_R_package_mobio	3.2.7		library
scuttle	scuttle	existing_library	R_package_mobio;chaoliu_R_package_mobio;lvyan_R_package_mobio	1.20.0		library
selectr	selectr	existing_library	R_package_mobio;chaoliu_R_package_mobio	0.5-1		library
Seqinfo	Seqinfo	existing_library	R_package_mobio;chaoliu_R_package_mobio;lvyan_R_package_mobio	1.0.0		library
sessioninfo	sessioninfo	existing_library	R_package_mobio;chaoliu_R_package_mobio;lvyan_R_package_mobio	1.2.3		library
SeuratWrappers	SeuratWrappers	github	manual_manifest		satijalab/seurat-wrappers	full
shades	shades	existing_library	R_package_mobio;chaoliu_R_package_mobio	1.4.0		library
shadowtext	shadowtext	existing_library	R_package_mobio;chaoliu_R_package_mobio	0.1.6		library
shape	shape	existing_library	R_package_mobio;chaoliu_R_package_mobio	1.4.6.1		library
shapviz	shapviz	cran;existing_library	R_package_mobio;chaoliu_R_package_mobio;manual_manifest	0.10.3		core;library
shiny	shiny	existing_library	R_package_mobio;chaoliu_R_package_mobio	1.12.1		library
showtext	showtext	cran;existing_library	R_package_mobio;chaoliu_R_package_mobio;manual_manifest	0.9-7		core;library
showtextdb	showtextdb	existing_library	R_package_mobio;chaoliu_R_package_mobio	3.0		library
siggenes	siggenes	bioconductor;existing_library	R_package_mobio;chaoliu_R_package_mobio;manual_manifest	1.84.0		full;library
SingleCellExperiment	SingleCellExperiment	bioconductor;existing_library	R_package_mobio;chaoliu_R_package_mobio;lvyan_R_package_mobio;manual_manifest	1.32.0		core;library
sitmo	sitmo	existing_library	R_package_mobio;chaoliu_R_package_mobio;lvyan_R_package_mobio	2.0.2		library
skimr	skimr	existing_library	R_package_mobio;chaoliu_R_package_mobio	2.2.2		library
slam	slam	existing_library	R_package_mobio;chaoliu_R_package_mobio;lvyan_R_package_mobio	0.1-55		library
smotefamily	smotefamily	cran;existing_library	R_package_mobio;manual_manifest	1.4.0		full;library
snow	snow	existing_library	R_package_mobio;chaoliu_R_package_mobio;lvyan_R_package_mobio	0.4-4		library
SnowballC	SnowballC	existing_library	R_package_mobio;chaoliu_R_package_mobio	0.7.1		library
SoupX	SoupX	cran	manual_manifest			full
sourcetools	sourcetools	existing_library	R_package_mobio;chaoliu_R_package_mobio	0.1.7-1		library
sp	sp	existing_library	R_package_mobio;chaoliu_R_package_mobio	2.2-0		library
spacefillr	spacefillr	existing_library	R_package_mobio;chaoliu_R_package_mobio	0.4.0		library
SparseArray	SparseArray	existing_library	R_package_mobio;chaoliu_R_package_mobio;lvyan_R_package_mobio	1.10.8;1.10.9		library
SparseM	SparseM	existing_library	R_package_mobio;chaoliu_R_package_mobio;lvyan_R_package_mobio	1.84-2		library
sparseMatrixStats	sparseMatrixStats	existing_library	R_package_mobio;chaoliu_R_package_mobio;lvyan_R_package_mobio	1.22.0		library
sparsevctrs	sparsevctrs	existing_library	R_package_mobio;chaoliu_R_package_mobio	0.3.6		library
spatial	spatial	existing_library	lvyan_R_package_mobio	7.3-18		library
Spectra	Spectra	existing_library	R_package_mobio;chaoliu_R_package_mobio	1.20.1		library
spelling	spelling	existing_library	lvyan_R_package_mobio	2.3.2		library
splines	splines	existing_library	lvyan_R_package_mobio	4.5.1		library
SQUAREM	SQUAREM	existing_library	R_package_mobio;chaoliu_R_package_mobio	2021.1		library
stabm	stabm	existing_library	R_package_mobio;chaoliu_R_package_mobio	1.2.2		library
stabs	stabs	existing_library	R_package_mobio	0.7-1		library
statmod	statmod	existing_library	R_package_mobio;chaoliu_R_package_mobio	1.5.1		library
stats	stats	existing_library	lvyan_R_package_mobio	4.5.1		library
stats4	stats4	existing_library	lvyan_R_package_mobio	4.5.1		library
statsExpressions	statsExpressions	existing_library	R_package_mobio;chaoliu_R_package_mobio	1.7.3		library
storr	storr	existing_library	R_package_mobio	1.2.6		library
stringfish	stringfish	existing_library	R_package_mobio;chaoliu_R_package_mobio	0.18.0		library
stringi	stringi	existing_library	R_package_mobio;chaoliu_R_package_mobio;lvyan_R_package_mobio	1.8.7		library
stringr	stringr	cran;existing_library	R_package_mobio;chaoliu_R_package_mobio;lvyan_R_package_mobio;manual_manifest	1.6.0		core;library
styler	styler	existing_library	R_package_mobio;chaoliu_R_package_mobio	1.11.0		library
SummarizedExperiment	SummarizedExperiment	existing_library	R_package_mobio;chaoliu_R_package_mobio;lvyan_R_package_mobio	1.40.0		library
SuppDists	SuppDists	existing_library	R_package_mobio;chaoliu_R_package_mobio	1.1-9.9		library
survival	survival	existing_library	lvyan_R_package_mobio	3.8-6		library
sva	sva	bioconductor;existing_library	R_package_mobio;chaoliu_R_package_mobio;manual_manifest	3.58.0		full;library
svglite	svglite	existing_library	R_package_mobio;chaoliu_R_package_mobio	2.2.2		library
swagger	swagger	existing_library	R_package_mobio	5.32.1		library
sys	sys	existing_library	R_package_mobio;chaoliu_R_package_mobio;lvyan_R_package_mobio	3.4.3		library
sysfonts	sysfonts	cran;existing_library	R_package_mobio;chaoliu_R_package_mobio;manual_manifest	0.8.9		core;library
systemfonts	systemfonts	existing_library	R_package_mobio;chaoliu_R_package_mobio;lvyan_R_package_mobio	1.0.6;1.3.1		library
tcltk	tcltk	existing_library	lvyan_R_package_mobio	4.5.1		library
tensorA	tensorA	existing_library	lvyan_R_package_mobio	0.36.2.1		library
testRcppAttributePackage	testRcppAttributePackage	existing_library	R_package_mobio;chaoliu_R_package_mobio;lvyan_R_package_mobio	1.0		library
testRcppClass	testRcppClass	existing_library	R_package_mobio;chaoliu_R_package_mobio;lvyan_R_package_mobio	0.1		library
testRcppInterfaceExporter	testRcppInterfaceExporter	existing_library	R_package_mobio;chaoliu_R_package_mobio;lvyan_R_package_mobio	0.1.0		library
testRcppInterfaceUser	testRcppInterfaceUser	existing_library	R_package_mobio;chaoliu_R_package_mobio;lvyan_R_package_mobio	0.1.0		library
testRcppModule	testRcppModule	existing_library	R_package_mobio;chaoliu_R_package_mobio;lvyan_R_package_mobio	0.1		library
testRcppPackage	testRcppPackage	existing_library	R_package_mobio;chaoliu_R_package_mobio;lvyan_R_package_mobio	0.1.0		library
testthat	testthat	existing_library	R_package_mobio;chaoliu_R_package_mobio;lvyan_R_package_mobio	3.3.2		library
textshaping	textshaping	cran;existing_library	R_package_mobio;chaoliu_R_package_mobio;lvyan_R_package_mobio;manual_manifest	0.3.7;1.0.4		core;library
TH.data	TH.data	existing_library	R_package_mobio;chaoliu_R_package_mobio;lvyan_R_package_mobio	1.1-5		library
tibble	tibble	cran;existing_library	R_package_mobio;chaoliu_R_package_mobio;lvyan_R_package_mobio;manual_manifest	3.3.1		core;library
tidybulk	tidybulk	bioconductor	manual_manifest			full
tidydr	tidydr	existing_library	R_package_mobio;chaoliu_R_package_mobio	0.0.6		library
tidyfst	tidyfst	existing_library	lvyan_R_package_mobio	1.8.3		library
tidygraph	tidygraph	existing_library	R_package_mobio;chaoliu_R_package_mobio;lvyan_R_package_mobio	1.3.1		library
tidymodels	tidymodels	cran;existing_library	lvyan_R_package_mobio;manual_manifest	1.4.1		full;library
tidyomics	tidyomics	bioconductor	manual_manifest			full
tidyr	tidyr	cran;existing_library	R_package_mobio;chaoliu_R_package_mobio;lvyan_R_package_mobio;manual_manifest	1.3.2		core;library
tidyselect	tidyselect	existing_library	R_package_mobio;chaoliu_R_package_mobio;lvyan_R_package_mobio	1.2.1		library
tidyseurat	tidyseurat	github	manual_manifest		stemangiola/tidyseurat	full
tidySpatialExperiment	tidySpatialExperiment	bioconductor	manual_manifest			full
tidytext	tidytext	existing_library	R_package_mobio;chaoliu_R_package_mobio	0.4.3		library
tidytree	tidytree	existing_library	R_package_mobio;chaoliu_R_package_mobio;lvyan_R_package_mobio	0.4.7		library
tidyverse	tidyverse	cran;existing_library	R_package_mobio;chaoliu_R_package_mobio;lvyan_R_package_mobio;manual_manifest	2.0.0		full;library
timechange	timechange	existing_library	R_package_mobio;chaoliu_R_package_mobio;lvyan_R_package_mobio	0.4.0		library
timeDate	timeDate	existing_library	R_package_mobio;chaoliu_R_package_mobio;lvyan_R_package_mobio	4052.112		library
timereg	timereg	existing_library	R_package_mobio	2.0.7		library
tinytex	tinytex	cran;existing_library	R_package_mobio;chaoliu_R_package_mobio;lvyan_R_package_mobio;manual_manifest	0.58		full;library
tokenizers	tokenizers	existing_library	R_package_mobio;chaoliu_R_package_mobio	0.3.0		library
tools	tools	existing_library	lvyan_R_package_mobio	4.5.1		library
translations	translations	existing_library	lvyan_R_package_mobio	4.5.1		library
treeio	treeio	existing_library	R_package_mobio;chaoliu_R_package_mobio;lvyan_R_package_mobio	1.34.0		library
treeshap	treeshap	cran;existing_library	R_package_mobio;chaoliu_R_package_mobio;manual_manifest	0.3.1		full;library
TreeSummarizedExperiment	TreeSummarizedExperiment	existing_library	R_package_mobio;chaoliu_R_package_mobio;lvyan_R_package_mobio	2.18.0		library
truncnorm	truncnorm	existing_library	R_package_mobio;chaoliu_R_package_mobio	1.0-9		library
tseries	tseries	existing_library	R_package_mobio;chaoliu_R_package_mobio	0.10-59		library
TTR	TTR	existing_library	R_package_mobio;chaoliu_R_package_mobio	0.24.4		library
tweenr	tweenr	existing_library	R_package_mobio;chaoliu_R_package_mobio	2.0.3		library
tzdb	tzdb	existing_library	R_package_mobio;chaoliu_R_package_mobio;lvyan_R_package_mobio	0.5.0		library
UCSC.utils	UCSC.utils	existing_library	R_package_mobio;chaoliu_R_package_mobio	1.6.1		library
UpSetR	UpSetR	cran;existing_library	R_package_mobio;chaoliu_R_package_mobio;manual_manifest	1.4.0		full;library
urca	urca	existing_library	R_package_mobio;chaoliu_R_package_mobio;lvyan_R_package_mobio	1.3-4		library
urlchecker	urlchecker	existing_library	R_package_mobio;chaoliu_R_package_mobio;lvyan_R_package_mobio	1.0.1		library
usethis	usethis	cran;existing_library	R_package_mobio;chaoliu_R_package_mobio;lvyan_R_package_mobio;manual_manifest	3.2.1		full;library
utf8	utf8	existing_library	R_package_mobio;chaoliu_R_package_mobio;lvyan_R_package_mobio	1.2.6		library
utils	utils	existing_library	lvyan_R_package_mobio	4.5.1		library
uuid	uuid	existing_library	R_package_mobio;chaoliu_R_package_mobio	1.2-2		library
uwot	uwot	existing_library	R_package_mobio;chaoliu_R_package_mobio;lvyan_R_package_mobio	0.2.4		library
vctrs	vctrs	existing_library	R_package_mobio;chaoliu_R_package_mobio;lvyan_R_package_mobio	0.7.1;0.7.2		library
vegan	vegan	existing_library	R_package_mobio;chaoliu_R_package_mobio;lvyan_R_package_mobio	2.7-2;2.7-3		library
VennDiagram	VennDiagram	cran;existing_library	R_package_mobio;chaoliu_R_package_mobio;manual_manifest	1.8.2		full;library
VGAM	VGAM	existing_library	R_package_mobio;chaoliu_R_package_mobio	1.1-14		library
vipor	vipor	existing_library	R_package_mobio;chaoliu_R_package_mobio;lvyan_R_package_mobio	0.4.7		library
viridis	viridis	existing_library	R_package_mobio;chaoliu_R_package_mobio;lvyan_R_package_mobio	0.6.5		library
viridisLite	viridisLite	existing_library	R_package_mobio;chaoliu_R_package_mobio;lvyan_R_package_mobio	0.4.3		library
vroom	vroom	existing_library	R_package_mobio;chaoliu_R_package_mobio;lvyan_R_package_mobio	1.7.0		library
vscDebugger	vscDebugger	existing_library	R_package_mobio;chaoliu_R_package_mobio	0.5.3		library
vsn	vsn	existing_library	R_package_mobio;chaoliu_R_package_mobio	3.78.1		library
waldo	waldo	existing_library	R_package_mobio;chaoliu_R_package_mobio;lvyan_R_package_mobio	0.6.2		library
whisker	whisker	existing_library	R_package_mobio;chaoliu_R_package_mobio	0.4.1		library
withr	withr	existing_library	R_package_mobio;chaoliu_R_package_mobio;lvyan_R_package_mobio	3.0.2		library
wk	wk	existing_library	R_package_mobio	0.9.5		library
writexl	writexl	cran;existing_library	R_package_mobio;manual_manifest	1.5.4		core;library
WRS2	WRS2	existing_library	R_package_mobio;chaoliu_R_package_mobio	1.1-7		library
xfun	xfun	cran;existing_library	R_package_mobio;chaoliu_R_package_mobio;lvyan_R_package_mobio;manual_manifest	0.56;0.57		core;library
xgboost	xgboost	cran;existing_library	R_package_mobio;chaoliu_R_package_mobio;manual_manifest	3.2.0.1		core;library
XML	XML	cran;existing_library	R_package_mobio;chaoliu_R_package_mobio;manual_manifest	3.99-0.22		core;library
xml2	xml2	existing_library	R_package_mobio;chaoliu_R_package_mobio;lvyan_R_package_mobio	1.5.2		library
xmlparsedata	xmlparsedata	existing_library	R_package_mobio;chaoliu_R_package_mobio	1.0.5		library
xopen	xopen	existing_library	R_package_mobio;chaoliu_R_package_mobio	1.0.1		library
xtable	xtable	existing_library	R_package_mobio;chaoliu_R_package_mobio	1.8-4		library
xts	xts	existing_library	R_package_mobio;chaoliu_R_package_mobio	0.14.1		library
XVector	XVector	existing_library	R_package_mobio;chaoliu_R_package_mobio;lvyan_R_package_mobio	0.50.0		library
yaml	yaml	existing_library	R_package_mobio;chaoliu_R_package_mobio;lvyan_R_package_mobio	2.3.12		library
yulab.utils	yulab.utils	existing_library	R_package_mobio;chaoliu_R_package_mobio;lvyan_R_package_mobio	0.2.4		library
zCompositions	zCompositions	existing_library	R_package_mobio;chaoliu_R_package_mobio	1.6.0		library
zeallot	zeallot	existing_library	R_package_mobio;chaoliu_R_package_mobio	0.2.0		library
zigg	zigg	existing_library	R_package_mobio;chaoliu_R_package_mobio	0.0.2		library
zigguserDirectC	zigguserDirectC	existing_library	R_package_mobio;chaoliu_R_package_mobio	0.0.1		library
zigguserDirectCpp	zigguserDirectCpp	existing_library	R_package_mobio;chaoliu_R_package_mobio	0.0.1		library
zigguserHeaderCpp	zigguserHeaderCpp	existing_library	R_package_mobio;chaoliu_R_package_mobio	0.0.1		library
zigguserHeaderRcpp	zigguserHeaderRcpp	existing_library	R_package_mobio;chaoliu_R_package_mobio	0.0.1		library
zip	zip	existing_library	R_package_mobio;chaoliu_R_package_mobio;lvyan_R_package_mobio	2.3.3		library
zlibbioc	zlibbioc	existing_library	R_package_mobio;chaoliu_R_package_mobio	1.50.0		library
zoo	zoo	existing_library	R_package_mobio;chaoliu_R_package_mobio;lvyan_R_package_mobio	1.8-15		library
