package	load_name	status	version	library_dir	source_type	profile	message
abind	abind	OK	1.4.8	/usr/local/lib/R/site-library	existing_library	library	
ade4	ade4	OK	1.7.24	/usr/local/lib/R/site-library	existing_library	library	
afex	afex	OK	1.5.1	/usr/local/lib/R/site-library	cran;existing_library	core;library	
affy	affy	OK	1.90.0	/opt/mobior-full/site-library	existing_library	library	
affyio	affyio	OK	1.82.0	/opt/mobior-full/site-library	existing_library	library	
ALDEx2	ALDEx2	OK	1.44.0	/opt/mobior-full/site-library	bioconductor;existing_library	full;library	
ANCOMBC	ANCOMBC	OK	2.14.0	/usr/local/lib/R/site-library	bioconductor;existing_library	core;library	
annotate	annotate	OK	1.90.0	/opt/mobior-full/site-library	existing_library	library	
AnnotationDbi	AnnotationDbi	OK	1.74.0	/opt/mobior-full/site-library	existing_library	library	
AnnotationFilter	AnnotationFilter	OK	1.36.0	/opt/mobior-full/site-library	existing_library	library	
ape	ape	OK	5.8.1	/usr/local/lib/R/site-library	existing_library	library	
aplot	aplot	OK	0.2.9	/opt/mobior-full/site-library	existing_library;github	full;library	
argparse	argparse	OK	2.3.1	/opt/mobior-full/site-library	cran;existing_library	full;library	
askpass	askpass	OK	1.2.1	/usr/local/lib/R/site-library	existing_library	library	
assertthat	assertthat	OK	0.2.1	/opt/mobior-full/site-library	existing_library	library	
assorthead	assorthead	OK	1.6.3	/usr/local/lib/R/site-library	existing_library	library	
backports	backports	OK	1.5.1	/usr/local/lib/R/site-library	existing_library	library	
base	base	OK	4.6.0	/usr/lib/R/library	existing_library	library	
base64enc	base64enc	OK	0.1.6	/usr/local/lib/R/site-library	existing_library	library	
base64url	base64url	OK	1.4	/opt/mobior-full/site-library	existing_library	library	
BayesFactor	BayesFactor	OK	0.9.12.4.8	/opt/mobior-full/site-library	existing_library	library	
bayesm	bayesm	OK	3.1.7	/opt/mobior-full/site-library	existing_library	library	
bayestestR	bayestestR	OK	0.18.1	/opt/mobior-full/site-library	existing_library	library	
bbotk	bbotk	OK	1.10.0	/usr/local/lib/R/site-library	cran;existing_library	full;library	
beachmat	beachmat	OK	2.28.0	/usr/local/lib/R/site-library	existing_library	library	
beeswarm	beeswarm	OK	0.4.0	/usr/local/lib/R/site-library	existing_library	library	
benchmarkme	benchmarkme	OK	1.0.8	/opt/mobior-full/site-library	existing_library	library	
benchmarkmeData	benchmarkmeData	OK	2.0.0	/opt/mobior-full/site-library	existing_library	library	
BH	BH	OK	1.90.0.1	/usr/local/lib/R/site-library	existing_library	library	
Biobase	Biobase	OK	2.72.0	/usr/local/lib/R/site-library	existing_library	library	
BiocBaseUtils	BiocBaseUtils	OK	1.14.2	/usr/local/lib/R/site-library	existing_library	library	
BiocGenerics	BiocGenerics	OK	0.58.1	/usr/local/lib/R/site-library	existing_library	library	
BiocManager	BiocManager	OK	1.30.27	/usr/local/lib/R/site-library	cran;existing_library	core;library	
BiocNeighbors	BiocNeighbors	OK	2.6.0	/usr/local/lib/R/site-library	existing_library	library	
BiocParallel	BiocParallel	OK	1.46.0	/usr/local/lib/R/site-library	bioconductor;existing_library	full;library	
BiocSingular	BiocSingular	OK	1.28.0	/usr/local/lib/R/site-library	existing_library	library	
BiocVersion	BiocVersion	OK	3.23.1	/usr/local/lib/R/site-library	existing_library	library	
biomaRt	biomaRt	OK	2.68.0	/opt/mobior-full/site-library	bioconductor	full	
biomformat	biomformat	OK	1.40.0	/usr/local/lib/R/site-library	existing_library	library	
Biostrings	Biostrings	OK	2.80.1	/usr/local/lib/R/site-library	bioconductor;existing_library	full;library	
bit	bit	OK	4.6.0	/usr/local/lib/R/site-library	existing_library	library	
bit64	bit64	OK	4.8.2	/usr/local/lib/R/site-library	existing_library	library	
bitops	bitops	OK	1.0.9	/usr/local/lib/R/site-library	existing_library	library	
blob	blob	OK	1.3.0	/opt/mobior-full/site-library	existing_library	library	
bluster	bluster	OK	1.22.0	/usr/local/lib/R/site-library	bioconductor;existing_library	core;library	
bookdown	bookdown	OK	0.46	/opt/mobior-full/site-library	existing_library	library	
boot	boot	OK	1.3.32	/usr/lib/R/library	existing_library	library	
Boruta	Boruta	OK	10.0.0	/opt/mobior-full/site-library	cran;existing_library	full;library	
brew	brew	OK	1.0.10	/opt/mobior-full/site-library	existing_library	library	
brio	brio	OK	1.1.5	/opt/mobior-full/site-library	existing_library	library	
broom	broom	OK	1.0.13	/usr/local/lib/R/site-library	cran;existing_library	core;library	
bslib	bslib	OK	0.11.0	/usr/local/lib/R/site-library	existing_library	library	
BWStest	BWStest	OK	0.2.3	/opt/mobior-full/site-library	existing_library	library	
cachem	cachem	OK	1.1.0	/usr/local/lib/R/site-library	existing_library	library	
Cairo	Cairo	OK	1.7.0	/usr/local/lib/R/site-library	existing_library	library	
calibrate	calibrate	OK	1.7.7	/opt/mobior-full/site-library	existing_library	library	
callr	callr	OK	3.8.0	/opt/mobior-full/site-library	existing_library	library	
car	car	OK	3.1.5	/usr/local/lib/R/site-library	existing_library	library	
carData	carData	OK	3.0.6	/usr/local/lib/R/site-library	existing_library	library	
caret	caret	OK	7.0.1	/opt/mobior-full/site-library	existing_library	library	
caTools	caTools	OK	1.18.3	/usr/local/lib/R/site-library	existing_library	library	
cellranger	cellranger	OK	1.1.0	/usr/local/lib/R/site-library	existing_library	library	
checkmate	checkmate	OK	2.3.4	/usr/local/lib/R/site-library	existing_library	library	
circlize	circlize	OK	0.4.18	/opt/mobior-full/site-library	existing_library	library	
clarabel	clarabel	OK	0.11.2	/opt/mobior-full/site-library	existing_library	library	
class	class	OK	7.3.23	/usr/lib/R/library	existing_library	library	
classInt	classInt	OK	0.4.11	/opt/mobior-full/site-library	existing_library	library	
cli	cli	OK	3.6.6	/usr/local/lib/R/site-library	existing_library	library	
clipr	clipr	OK	0.8.1	/usr/local/lib/R/site-library	existing_library	library	
clock	clock	OK	0.7.4	/opt/mobior-full/site-library	existing_library	library	
clue	clue	OK	0.3.68	/opt/mobior-full/site-library	existing_library	library	
cluster	cluster	OK	2.1.8.2	/usr/lib/R/library	existing_library	library	
clusterProfiler	clusterProfiler	OK	4.20.0	/opt/mobior-full/site-library	bioconductor;existing_library	full;library	
clustree	clustree	OK	0.5.1	/opt/mobior-full/site-library	cran	full	
cmprsk	cmprsk	OK	2.2.12	/opt/mobior-full/site-library	existing_library	library	
coda	coda	OK	0.19.4.1	/opt/mobior-full/site-library	existing_library	library	
codetools	codetools	OK	0.2.20	/usr/lib/R/library	existing_library	library	
collections	collections	OK	0.3.12	/opt/mobior-full/site-library	existing_library	library	
colorspace	colorspace	OK	2.1.2	/usr/local/lib/R/site-library	existing_library	library	
commonmark	commonmark	OK	2.0.0	/usr/local/lib/R/site-library	existing_library	library	
compiler	compiler	OK	4.6.0	/usr/lib/R/library	existing_library	library	
ComplexHeatmap	ComplexHeatmap	OK	2.28.0	/opt/mobior-full/site-library	bioconductor;existing_library	full;library	
compositions	compositions	OK	2.0.9	/opt/mobior-full/site-library	existing_library	library	
conflicted	conflicted	OK	1.2.0	/opt/mobior-full/site-library	existing_library	library	
contfrac	contfrac	OK	1.1.12	/opt/mobior-full/site-library	existing_library	library	
coro	coro	OK	1.1.0	/opt/mobior-full/site-library	existing_library	library	
corpcor	corpcor	OK	1.6.10	/opt/mobior-full/site-library	existing_library	library	
correlation	correlation	OK	0.8.8	/opt/mobior-full/site-library	existing_library	library	
corrplot	corrplot	OK	0.95	/usr/local/lib/R/site-library	existing_library	library	
covr	covr	OK	3.6.5	/opt/mobior-full/site-library	existing_library	library	
cowplot	cowplot	OK	1.2.0	/usr/local/lib/R/site-library	cran;existing_library	core;library	
cpp11	cpp11	OK	0.5.5	/usr/local/lib/R/site-library	existing_library	library	
crayon	crayon	OK	1.5.3	/usr/local/lib/R/site-library	existing_library	library	
createKEGGdb	createKEGGdb	OK	0.0.5	/opt/mobior-full/site-library	github	full	
credentials	credentials	OK	2.0.3	/opt/mobior-full/site-library	existing_library	library	
crmn	crmn	OK	0.0.21	/opt/mobior-full/site-library	existing_library	library	
crosstalk	crosstalk	OK	1.2.2	/usr/local/lib/R/site-library	cran;existing_library	core;library	
curl	curl	OK	7.1.0	/usr/local/lib/R/site-library	existing_library	library	
CVST	CVST	OK	0.2.3	/opt/mobior-full/site-library	existing_library	library	
CVXR	CVXR	OK	1.8.2	/opt/mobior-full/site-library	existing_library	library	
data.table	data.table	OK	1.18.4	/usr/local/lib/R/site-library	cran;existing_library	full;library	
data.tree	data.tree	OK	1.2.0	/opt/mobior-full/site-library	existing_library	library	
DataExplorer	DataExplorer	OK	0.9.0	/opt/mobior-full/site-library	existing_library	library	
datasets	datasets	OK	4.6.0	/usr/lib/R/library	existing_library	library	
datawizard	datawizard	OK	1.3.1	/opt/mobior-full/site-library	existing_library	library	
DBI	DBI	OK	1.3.0	/usr/local/lib/R/site-library	existing_library	library	
dbplyr	dbplyr	OK	2.5.2	/opt/mobior-full/site-library	existing_library	library	
dbscan	dbscan	OK	1.2.4	/opt/mobior-full/site-library	existing_library	library	
DECIPHER	DECIPHER	OK	3.8.0	/usr/local/lib/R/site-library	existing_library	library	
decontam	decontam	OK	1.32.0	/usr/local/lib/R/site-library	existing_library	library	
deeptime	deeptime	OK	2.3.1	/opt/mobior-full/site-library	existing_library	library	
deeptimedata	deeptimedata	OK	1.0.0	/opt/mobior-full/site-library	existing_library	library	
DelayedArray	DelayedArray	OK	0.38.2	/usr/local/lib/R/site-library	existing_library	library	
DelayedMatrixStats	DelayedMatrixStats	OK	1.34.0	/usr/local/lib/R/site-library	existing_library	library	
deldir	deldir	OK	2.0.4	/opt/mobior-full/site-library	existing_library	library	
dendextend	dendextend	OK	1.19.1	/opt/mobior-full/site-library	existing_library	library	
DEoptimR	DEoptimR	OK	1.2.0	/usr/local/lib/R/site-library	existing_library	library	
Deriv	Deriv	OK	4.2.0	/usr/local/lib/R/site-library	existing_library	library	
desc	desc	OK	1.4.3	/opt/mobior-full/site-library	existing_library	library	
DescTools	DescTools	OK	0.99.60	/usr/local/lib/R/site-library	existing_library	library	
DESeq2	DESeq2	OK	1.52.0	/usr/local/lib/R/site-library	bioconductor;existing_library	core;library	
deSolve	deSolve	OK	1.42	/opt/mobior-full/site-library	existing_library	library	
devtools	devtools	OK	2.5.2	/opt/mobior-full/site-library	cran;existing_library	full;library	
diagram	diagram	OK	1.6.5	/opt/mobior-full/site-library	existing_library	library	
diffobj	diffobj	OK	0.3.6	/opt/mobior-full/site-library	existing_library	library	
digest	digest	OK	0.6.39	/usr/local/lib/R/site-library	existing_library	library	
diptest	diptest	OK	0.77.2	/usr/local/lib/R/site-library	existing_library	library	
directlabels	directlabels	OK	2026.4.23	/opt/mobior-full/site-library	existing_library	library	
DirichletMultinomial	DirichletMultinomial	OK	1.54.0	/usr/local/lib/R/site-library	existing_library	library	
doBy	doBy	OK	4.7.1	/usr/local/lib/R/site-library	existing_library	library	
docopt	docopt	OK	0.7.2	/opt/mobior-full/site-library	existing_library	library	
doFuture	doFuture	OK	1.2.2	/usr/local/lib/R/site-library	existing_library	library	
doParallel	doParallel	OK	1.0.17	/usr/local/lib/R/site-library	existing_library	library	
doRNG	doRNG	OK	1.8.6.3	/usr/local/lib/R/site-library	existing_library	library	
DOSE	DOSE	OK	4.6.0	/opt/mobior-full/site-library	existing_library	library	
DoubletFinder	DoubletFinder	OK	2.0.6	/opt/mobior-full/site-library	github	full	
downlit	downlit	OK	0.4.5	/opt/mobior-full/site-library	existing_library	library	
downloader	downloader	OK	0.4.1	/opt/mobior-full/site-library	existing_library	library	
dplyr	dplyr	OK	1.2.1	/usr/local/lib/R/site-library	cran;existing_library	core;library	
dqrng	dqrng	OK	0.4.1	/usr/local/lib/R/site-library	existing_library	library	
DT	DT	OK	0.34.0	/opt/mobior-full/site-library	existing_library	library	
dtplyr	dtplyr	OK	1.3.3	/opt/mobior-full/site-library	existing_library	library	
dunn.test	dunn.test	OK	1.4.1	/opt/mobior-full/site-library	existing_library	library	
e1071	e1071	OK	1.7.17	/usr/local/lib/R/site-library	cran;existing_library	core;library	
ecodist	ecodist	OK	2.1.3	/opt/mobior-full/site-library	existing_library	library	
ECOSolveR	ECOSolveR	OK	0.6.1	/opt/mobior-full/site-library	existing_library	library	
edgeR	edgeR	OK	4.10.1	/opt/mobior-full/site-library	bioconductor;existing_library	full;library	
effectsize	effectsize	OK	1.0.2	/opt/mobior-full/site-library	existing_library	library	
ellipse	ellipse	OK	0.5.0	/opt/mobior-full/site-library	existing_library	library	
ellipsis	ellipsis	OK	0.3.3	/opt/mobior-full/site-library	existing_library	library	
elliptic	elliptic	OK	1.5.1	/opt/mobior-full/site-library	existing_library	library	
emmeans	emmeans	OK	2.0.3	/opt/mobior-full/site-library	existing_library	library	
energy	energy	OK	1.7.12	/usr/local/lib/R/site-library	existing_library	library	
enrichplot	enrichplot	OK	1.32.0	/opt/mobior-full/site-library	existing_library	library	
estimability	estimability	OK	1.5.1	/opt/mobior-full/site-library	existing_library	library	
evaluate	evaluate	OK	1.0.5	/usr/local/lib/R/site-library	existing_library	library	
Exact	Exact	OK	3.3	/usr/local/lib/R/site-library	existing_library	library	
expm	expm	OK	1.0.0	/usr/local/lib/R/site-library	existing_library	library	
factoextra	factoextra	OK	2.0.0	/opt/mobior-full/site-library	cran;existing_library	full;library	
FactoMineR	FactoMineR	OK	2.14	/opt/mobior-full/site-library	cran;existing_library	full;library	
fansi	fansi	OK	1.0.7	/opt/mobior-full/site-library	existing_library	library	
farver	farver	OK	2.1.2	/usr/local/lib/R/site-library	existing_library	library	
fastmap	fastmap	OK	1.2.0	/usr/local/lib/R/site-library	existing_library	library	
fastmatch	fastmatch	OK	1.1.8	/opt/mobior-full/site-library	existing_library	library	
fastshap	fastshap	OK	0.1.1	/usr/local/lib/R/site-library	cran;existing_library	core;library	
fastVoteR	fastVoteR	OK	0.0.3	/opt/mobior-full/site-library	existing_library	library	
fgsea	fgsea	OK	1.38.0	/opt/mobior-full/site-library	bioconductor;existing_library	full;library	
filelock	filelock	OK	1.0.3	/opt/mobior-full/site-library	existing_library	library	
fillpattern	fillpattern	OK	1.0.3	/opt/mobior-full/site-library	existing_library	library	
findpython	findpython	OK	1.0.9	/opt/mobior-full/site-library	existing_library	library	
flashClust	flashClust	OK	1.1.4	/opt/mobior-full/site-library	existing_library	library	
flexmix	flexmix	OK	2.3.20	/usr/local/lib/R/site-library	existing_library	library	
FlexParamCurve	FlexParamCurve	OK	1.5.7	/opt/mobior-full/site-library	existing_library	library	
FNN	FNN	OK	1.1.4.1	/usr/local/lib/R/site-library	existing_library	library	
fontawesome	fontawesome	OK	0.5.3	/usr/local/lib/R/site-library	existing_library	library	
fontBitstreamVera	fontBitstreamVera	OK	0.1.1	/opt/mobior-full/site-library	existing_library	library	
fontLiberation	fontLiberation	OK	0.1.0	/opt/mobior-full/site-library	existing_library	library	
fontquiver	fontquiver	OK	0.2.1	/opt/mobior-full/site-library	existing_library	library	
forcats	forcats	OK	1.0.1	/usr/local/lib/R/site-library	cran;existing_library	core;library	
foreach	foreach	OK	1.5.2	/usr/local/lib/R/site-library	existing_library	library	
forecast	forecast	OK	9.0.2	/usr/local/lib/R/site-library	existing_library	library	
foreign	foreign	OK	0.8.91	/usr/lib/R/library	existing_library	library	
formatR	formatR	OK	1.14	/usr/local/lib/R/site-library	existing_library	library	
Formula	Formula	OK	1.2.5	/usr/local/lib/R/site-library	existing_library	library	
fpc	fpc	OK	2.2.14	/usr/local/lib/R/site-library	existing_library	library	
fracdiff	fracdiff	OK	1.5.4	/usr/local/lib/R/site-library	existing_library	library	
fs	fs	OK	2.1.0	/usr/local/lib/R/site-library	existing_library	library	
FSA	FSA	OK	0.10.1	/opt/mobior-full/site-library	existing_library	library	
fst	fst	OK	0.9.8	/opt/mobior-full/site-library	existing_library	library	
fstcore	fstcore	OK	0.10.0	/opt/mobior-full/site-library	existing_library	library	
futile.logger	futile.logger	OK	1.4.9	/usr/local/lib/R/site-library	existing_library	library	
futile.options	futile.options	OK	1.0.1	/usr/local/lib/R/site-library	existing_library	library	
future	future	OK	1.70.0	/usr/local/lib/R/site-library	cran;existing_library	core;library	
future.apply	future.apply	OK	1.20.2	/usr/local/lib/R/site-library	cran;existing_library	full;library	
gargle	gargle	OK	1.6.1	/opt/mobior-full/site-library	existing_library	library	
gdata	gdata	OK	3.0.1	/opt/mobior-full/site-library	existing_library	library	
gdtools	gdtools	OK	0.5.1	/opt/mobior-full/site-library	existing_library	library	
genefilter	genefilter	OK	1.94.0	/opt/mobior-full/site-library	bioconductor;existing_library	full;library	
generics	generics	OK	0.1.4	/usr/local/lib/R/site-library	existing_library	library	
GenomeInfoDb	GenomeInfoDb	OK	1.48.0	/opt/mobior-full/site-library	existing_library	library	
GenomeInfoDbData	GenomeInfoDbData	OK	1.2.15	/opt/mobior-full/site-library	existing_library	library	
GenomicRanges	GenomicRanges	OK	1.64.0	/usr/local/lib/R/site-library	existing_library	library	
gert	gert	OK	2.3.1	/opt/mobior-full/site-library	existing_library	library	
getopt	getopt	OK	1.21.1	/opt/mobior-full/site-library	existing_library	library	
GetoptLong	GetoptLong	OK	1.1.1	/opt/mobior-full/site-library	existing_library	library	
ggalluvial	ggalluvial	OK	0.12.6	/opt/mobior-full/site-library	existing_library	library	
ggbeeswarm	ggbeeswarm	OK	0.7.3	/usr/local/lib/R/site-library	existing_library	library	
ggcorrplot	ggcorrplot	OK	0.1.4.1	/opt/mobior-full/site-library	existing_library	library	
ggfittext	ggfittext	OK	0.10.3	/usr/local/lib/R/site-library	existing_library	library	
ggforce	ggforce	OK	0.5.0	/usr/local/lib/R/site-library	existing_library	library	
ggfortify	ggfortify	OK	0.4.19	/opt/mobior-full/site-library	cran;existing_library	full;library	
ggfun	ggfun	OK	0.2.0	/opt/mobior-full/site-library	existing_library	library	
gggenes	gggenes	OK	0.6.0	/usr/local/lib/R/site-library	existing_library	library	
ggh4x	ggh4x	OK	0.3.1	/opt/mobior-full/site-library	existing_library	library	
gghalves	gghalves	OK	0.1.4	/opt/mobior-full/site-library	cran;existing_library	full;library	
ggiraph	ggiraph	OK	0.9.6	/opt/mobior-full/site-library	existing_library	library	
ggnewscale	ggnewscale	OK	0.5.2	/usr/local/lib/R/site-library	existing_library	library	
ggplot2	ggplot2	OK	4.0.3	/usr/local/lib/R/site-library	cran;existing_library	core;library	
ggplotify	ggplotify	OK	0.1.3	/opt/mobior-full/site-library	existing_library	library	
ggpubr	ggpubr	OK	0.6.3	/usr/local/lib/R/site-library	cran;existing_library	core;library	
ggraph	ggraph	OK	2.2.2	/usr/local/lib/R/site-library	cran;existing_library	core;library	
ggrastr	ggrastr	OK	1.0.2	/usr/local/lib/R/site-library	existing_library	library	
ggrepel	ggrepel	OK	0.9.8	/usr/local/lib/R/site-library	cran;existing_library	full;library	
ggsci	ggsci	OK	5.0.0	/usr/local/lib/R/site-library	existing_library	library	
ggside	ggside	OK	0.4.1	/usr/local/lib/R/site-library	cran;existing_library	core;library	
ggsignif	ggsignif	OK	0.6.4	/usr/local/lib/R/site-library	existing_library	library	
ggstatsplot	ggstatsplot	OK	1.0.0	/opt/mobior-full/site-library	cran;existing_library	full;library	
ggtangle	ggtangle	OK	0.1.2	/opt/mobior-full/site-library	existing_library	library	
ggtext	ggtext	OK	0.1.2	/opt/mobior-full/site-library	existing_library	library	
ggtree	ggtree	OK	4.2.0	/opt/mobior-full/site-library	existing_library	library	
ggvenn	ggvenn	OK	0.1.19	/opt/mobior-full/site-library	cran;existing_library	full;library	
gh	gh	OK	1.6.0	/opt/mobior-full/site-library	existing_library	library	
gitcreds	gitcreds	OK	0.1.2	/opt/mobior-full/site-library	existing_library	library	
glasso	glasso	OK	1.11	/opt/mobior-full/site-library	existing_library	library	
gld	gld	OK	2.6.8	/usr/local/lib/R/site-library	existing_library	library	
glmnet	glmnet	OK	5.0	/usr/local/lib/R/site-library	cran;existing_library	core;library	
GlobalAncova	GlobalAncova	OK	4.30.0	/opt/mobior-full/site-library	bioconductor;existing_library	full;library	
GlobalOptions	GlobalOptions	OK	0.1.4	/opt/mobior-full/site-library	existing_library	library	
globals	globals	OK	0.19.1	/usr/local/lib/R/site-library	existing_library	library	
globaltest	globaltest	OK	5.66.0	/opt/mobior-full/site-library	bioconductor;existing_library	full;library	
glue	glue	OK	1.8.1	/usr/local/lib/R/site-library	existing_library	library	
gmodels	gmodels	OK	2.19.1	/opt/mobior-full/site-library	cran;existing_library	full;library	
gmp	gmp	OK	0.7.5.1	/opt/mobior-full/site-library	existing_library	library	
GO.db	GO.db	OK	3.23.1	/opt/mobior-full/site-library	existing_library	library	
googledrive	googledrive	OK	2.1.2	/opt/mobior-full/site-library	existing_library	library	
googlesheets4	googlesheets4	OK	1.1.2	/opt/mobior-full/site-library	existing_library	library	
GOSemSim	GOSemSim	OK	2.38.0	/opt/mobior-full/site-library	existing_library	library	
gower	gower	OK	1.0.2	/opt/mobior-full/site-library	existing_library	library	
GPArotation	GPArotation	OK	2026.4.1	/opt/mobior-full/site-library	existing_library	library	
gplots	gplots	OK	3.3.0	/usr/local/lib/R/site-library	existing_library	library	
graph	graph	OK	1.90.0	/opt/mobior-full/site-library	existing_library	library	
graphics	graphics	OK	4.6.0	/usr/lib/R/library	existing_library	library	
graphlayouts	graphlayouts	OK	1.2.3	/usr/local/lib/R/site-library	existing_library	library	
grDevices	grDevices	OK	4.6.0	/usr/lib/R/library	existing_library	library	
grid	grid	OK	4.6.0	/usr/lib/R/library	existing_library	library	
gridExtra	gridExtra	OK	2.3	/usr/local/lib/R/site-library	existing_library	library	
gridGraphics	gridGraphics	OK	0.5.1	/opt/mobior-full/site-library	existing_library	library	
gridtext	gridtext	OK	0.1.6	/usr/local/lib/R/site-library	existing_library	library	
grImport2	grImport2	OK	0.3.3	/opt/mobior-full/site-library	existing_library	library	
GSEABase	GSEABase	OK	1.74.0	/opt/mobior-full/site-library	existing_library	library	
GseaVis	GseaVis	MISSING			github	full	不存在叫‘GseaVis’这个名称的程序包
gsl	gsl	OK	2.1.9	/usr/local/lib/R/site-library	existing_library	library	
gson	gson	OK	0.1.0	/opt/mobior-full/site-library	existing_library	library	
gtable	gtable	OK	0.3.6	/usr/local/lib/R/site-library	existing_library	library	
gtools	gtools	OK	3.9.5	/usr/local/lib/R/site-library	existing_library	library	
hardhat	hardhat	OK	1.4.3	/opt/mobior-full/site-library	existing_library	library	
harmony	harmony	OK	2.0.4	/opt/mobior-full/site-library	cran	full	
haven	haven	OK	2.5.5	/usr/local/lib/R/site-library	existing_library	library	
hdf5r	hdf5r	OK	1.3.12	/opt/mobior-full/site-library	cran	full	
highr	highr	OK	0.12	/usr/local/lib/R/site-library	existing_library	library	
highs	highs	OK	1.14.0.2	/opt/mobior-full/site-library	existing_library	library	
Hmisc	Hmisc	OK	5.2.5	/usr/local/lib/R/site-library	existing_library	library	
hms	hms	OK	1.1.4	/usr/local/lib/R/site-library	existing_library	library	
htmlTable	htmlTable	OK	2.5.0	/usr/local/lib/R/site-library	existing_library	library	
htmltools	htmltools	OK	0.5.9	/usr/local/lib/R/site-library	existing_library	library	
htmlwidgets	htmlwidgets	OK	1.6.4	/usr/local/lib/R/site-library	existing_library	library	
httpuv	httpuv	OK	1.6.17	/opt/mobior-full/site-library	existing_library	library	
httr	httr	OK	1.4.8	/usr/local/lib/R/site-library	cran;existing_library	full;library	
httr2	httr2	OK	1.2.2	/opt/mobior-full/site-library	existing_library	library	
hunspell	hunspell	OK	3.0.6	/opt/mobior-full/site-library	existing_library	library	
hypergeo	hypergeo	OK	1.2.14	/opt/mobior-full/site-library	existing_library	library	
ids	ids	OK	1.0.1	/opt/mobior-full/site-library	existing_library	library	
igraph	igraph	OK	2.3.2	/usr/local/lib/R/site-library	existing_library	library	
impute	impute	OK	1.86.0	/opt/mobior-full/site-library	bioconductor;existing_library	full;library	
ini	ini	OK	0.3.1	/opt/mobior-full/site-library	existing_library	library	
insight	insight	OK	1.5.1	/opt/mobior-full/site-library	existing_library	library	
interp	interp	OK	1.1.6	/opt/mobior-full/site-library	existing_library	library	
ipred	ipred	OK	0.9.15	/opt/mobior-full/site-library	existing_library	library	
IRanges	IRanges	OK	2.46.0	/usr/local/lib/R/site-library	existing_library	library	
irlba	irlba	OK	2.3.7	/usr/local/lib/R/site-library	existing_library	library	
isoband	isoband	OK	0.3.0	/usr/local/lib/R/site-library	existing_library	library	
ISOcodes	ISOcodes	OK	2026.3.28	/opt/mobior-full/site-library	existing_library	library	
iterators	iterators	OK	1.0.14	/usr/local/lib/R/site-library	existing_library	library	
janeaustenr	janeaustenr	OK	1.0.0	/opt/mobior-full/site-library	existing_library	library	
jpeg	jpeg	OK	0.1.11	/usr/local/lib/R/site-library	existing_library	library	
jquerylib	jquerylib	OK	0.1.4	/usr/local/lib/R/site-library	existing_library	library	
jsonlite	jsonlite	OK	2.0.0	/usr/local/lib/R/site-library	existing_library	library	
kableExtra	kableExtra	OK	1.4.0	/opt/mobior-full/site-library	cran;existing_library	full;library	
KEGG.db	KEGG.db	MISSING			local_or_generated	full	不存在叫‘KEGG.db’这个名称的程序包
KEGGgraph	KEGGgraph	OK	1.72.0	/opt/mobior-full/site-library	bioconductor;existing_library	full;library	
KEGGREST	KEGGREST	OK	1.52.0	/opt/mobior-full/site-library	bioconductor;existing_library	full;library	
kernelshap	kernelshap	OK	0.9.1	/usr/local/lib/R/site-library	cran;existing_library	core;library	
kernlab	kernlab	OK	0.9.33	/usr/local/lib/R/site-library	existing_library	library	
KernSmooth	KernSmooth	OK	2.23.26	/usr/lib/R/library	existing_library	library	
keyring	keyring	OK	1.4.1	/opt/mobior-full/site-library	existing_library	library	
kknn	kknn	OK	1.4.1	/usr/local/lib/R/site-library	cran;existing_library	core;library	
knitr	knitr	OK	1.51	/usr/local/lib/R/site-library	existing_library	library	
kSamples	kSamples	OK	1.2.12	/usr/local/lib/R/site-library	cran;existing_library	core;library	
labeling	labeling	OK	0.4.3	/usr/local/lib/R/site-library	existing_library	library	
lambda.r	lambda.r	OK	1.2.4	/usr/local/lib/R/site-library	existing_library	library	
lamW	lamW	OK	2.2.7	/opt/mobior-full/site-library	existing_library	library	
languageserver	languageserver	OK	0.3.18	/opt/mobior-full/site-library	existing_library	library	
later	later	OK	1.4.8	/opt/mobior-full/site-library	existing_library	library	
lattice	lattice	OK	0.22.7	/usr/lib/R/library	existing_library	library	
latticeExtra	latticeExtra	OK	0.6.31	/opt/mobior-full/site-library	existing_library	library	
lava	lava	OK	1.9.1	/opt/mobior-full/site-library	existing_library	library	
lazyeval	lazyeval	OK	0.2.3	/usr/local/lib/R/site-library	existing_library	library	
leaps	leaps	OK	3.2	/opt/mobior-full/site-library	existing_library	library	
lgr	lgr	OK	0.5.2	/usr/local/lib/R/site-library	cran;existing_library	core;library	
lifecycle	lifecycle	OK	1.0.5	/usr/local/lib/R/site-library	existing_library	library	
lightgbm	lightgbm	OK	4.6.0	/usr/local/lib/R/site-library	cran;existing_library	core;library	
limma	limma	OK	3.68.4	/opt/mobior-full/site-library	bioconductor;existing_library	full;library	
linkXTS	linkXTS	MISSING			existing_library	library	不存在叫‘linkXTS’这个名称的程序包
lintr	lintr	OK	3.3.0.1	/opt/mobior-full/site-library	existing_library	library	
listenv	listenv	OK	0.10.1	/usr/local/lib/R/site-library	existing_library	library	
litedown	litedown	OK	0.9	/usr/local/lib/R/site-library	existing_library	library	
littler	littler	OK	0.3.23	/opt/mobior-full/site-library	existing_library	library	
lme4	lme4	OK	2.0.1	/usr/local/lib/R/site-library	existing_library	library	
lmerTest	lmerTest	OK	3.2.1	/usr/local/lib/R/site-library	existing_library	library	
lmom	lmom	OK	3.3	/usr/local/lib/R/site-library	existing_library	library	
lmtest	lmtest	OK	0.9.40	/usr/local/lib/R/site-library	existing_library	library	
locfit	locfit	OK	1.5.9.12	/usr/local/lib/R/site-library	existing_library	library	
logging	logging	OK	0.10.111	/usr/local/lib/R/site-library	existing_library	library	
lpSolve	lpSolve	OK	5.6.23	/opt/mobior-full/site-library	existing_library	library	
lubridate	lubridate	OK	1.9.5	/opt/mobior-full/site-library	existing_library	library	
maaslin3	maaslin3	OK	1.4.0	/usr/local/lib/R/site-library	bioconductor;existing_library	core;library	
magrittr	magrittr	OK	2.0.5	/usr/local/lib/R/site-library	existing_library	library	
MALDIquant	MALDIquant	OK	1.22.3	/opt/mobior-full/site-library	existing_library	library	
markdown	markdown	OK	2.0	/usr/local/lib/R/site-library	existing_library	library	
MASS	MASS	OK	7.3.65	/usr/lib/R/library	existing_library	core;library	
mathjaxr	mathjaxr	OK	2.0.0	/opt/mobior-full/site-library	existing_library	library	
Matrix	Matrix	OK	1.7.4	/usr/lib/R/library	cran;existing_library	core;library	
MatrixGenerics	MatrixGenerics	OK	1.24.0	/usr/local/lib/R/site-library	existing_library	library	
MatrixModels	MatrixModels	OK	0.5.4	/usr/local/lib/R/site-library	existing_library	library	
matrixStats	matrixStats	OK	1.5.0	/usr/local/lib/R/site-library	existing_library	library	
mclust	mclust	OK	6.1.2	/usr/local/lib/R/site-library	existing_library	library	
memoise	memoise	OK	2.0.1	/usr/local/lib/R/site-library	existing_library	library	
MetaboAnalystR	MetaboAnalystR	OK	4.3.0	/opt/mobior-full/site-library	existing_library;github	full;library	
MetaboCoreUtils	MetaboCoreUtils	OK	1.20.1	/opt/mobior-full/site-library	existing_library	library	
metadat	metadat	OK	1.6.0	/opt/mobior-full/site-library	existing_library	library	
metafor	metafor	OK	5.0.1	/opt/mobior-full/site-library	existing_library	library	
methods	methods	OK	4.6.0	/usr/lib/R/library	existing_library	library	
mgcv	mgcv	OK	1.9.4	/usr/lib/R/library	existing_library	library	
mia	mia	OK	1.20.0	/usr/local/lib/R/site-library	bioconductor;existing_library	core;library	
miaViz	miaViz	OK	1.20.0	/opt/mobior-full/site-library	existing_library	library	
microbenchmark	microbenchmark	OK	1.5.0	/usr/local/lib/R/site-library	existing_library	library	
microbiome	microbiome	OK	1.34.0	/opt/mobior-full/site-library	existing_library	library	
miloR	miloR	OK	2.8.1	/opt/mobior-full/site-library	bioconductor	full	
mime	mime	OK	0.13	/usr/local/lib/R/site-library	existing_library	library	
mimosa	mimosa	OK	2.0.0	/opt/mobior-full/site-library	github	full	
miniUI	miniUI	OK	0.1.2	/opt/mobior-full/site-library	existing_library	library	
minqa	minqa	OK	1.2.8	/usr/local/lib/R/site-library	existing_library	library	
mirai	mirai	OK	2.7.1	/usr/local/lib/R/site-library	existing_library	library	
mlbench	mlbench	OK	2.1.8	/usr/local/lib/R/site-library	existing_library	library	
mlr3	mlr3	OK	1.6.0	/usr/local/lib/R/site-library	cran;existing_library	full;library	
mlr3cluster	mlr3cluster	OK	0.3.0	/usr/local/lib/R/site-library	existing_library	library	
mlr3cmprsk	mlr3cmprsk	OK	0.0.5	/usr/local/lib/R/site-library	github	core	
mlr3data	mlr3data	OK	0.9.0	/usr/local/lib/R/site-library	existing_library	library	
mlr3extralearners	mlr3extralearners	OK	1.5.2	/usr/local/lib/R/site-library	existing_library;github	core;library	
mlr3filters	mlr3filters	OK	0.9.1	/usr/local/lib/R/site-library	cran;existing_library	full;library	
mlr3fselect	mlr3fselect	OK	1.6.0	/usr/local/lib/R/site-library	cran;existing_library	core;library	
mlr3hyperband	mlr3hyperband	OK	1.1.0	/usr/local/lib/R/site-library	existing_library	library	
mlr3inferr	mlr3inferr	OK	0.2.1	/usr/local/lib/R/site-library	existing_library	library	
mlr3learners	mlr3learners	OK	0.14.0	/usr/local/lib/R/site-library	cran;existing_library	core;library	
mlr3mbo	mlr3mbo	OK	1.1.1	/usr/local/lib/R/site-library	existing_library	library	
mlr3measures	mlr3measures	OK	1.3.0	/usr/local/lib/R/site-library	cran;existing_library	full;library	
mlr3misc	mlr3misc	OK	0.21.0	/usr/local/lib/R/site-library	existing_library	library	
mlr3pipelines	mlr3pipelines	OK	0.11.0	/usr/local/lib/R/site-library	cran;existing_library	full;library	
mlr3proba	mlr3proba	OK	0.8.10	/usr/local/lib/R/site-library	github	core	
mlr3tuning	mlr3tuning	OK	1.6.0	/usr/local/lib/R/site-library	cran;existing_library	core;library	
mlr3tuningspaces	mlr3tuningspaces	OK	0.6.0	/usr/local/lib/R/site-library	cran;existing_library	full;library	
mlr3verse	mlr3verse	OK	0.3.1	/usr/local/lib/R/site-library	cran;existing_library	core;library	
mlr3viz	mlr3viz	OK	0.11.0	/usr/local/lib/R/site-library	existing_library	library	
mltools	mltools	OK	0.3.5	/opt/mobior-full/site-library	cran;existing_library	full;library	
MMUPHin	MMUPHin	OK	2.0.0	/usr/local/lib/R/site-library	bioconductor;existing_library	core;library	
mnormt	mnormt	OK	2.1.2	/opt/mobior-full/site-library	existing_library	library	
ModelMetrics	ModelMetrics	OK	1.2.2.2	/opt/mobior-full/site-library	existing_library	library	
modelr	modelr	OK	0.1.11	/usr/local/lib/R/site-library	existing_library	library	
modeltools	modeltools	OK	0.2.24	/usr/local/lib/R/site-library	existing_library	library	
MsCoreUtils	MsCoreUtils	OK	1.24.0	/opt/mobior-full/site-library	existing_library	library	
MSnbase	MSnbase	OK	2.37.0	/opt/mobior-full/site-library	bioconductor;existing_library	full;library	
multcomp	multcomp	OK	1.4.30	/usr/local/lib/R/site-library	existing_library	library	
multcompView	multcompView	OK	0.1.11	/opt/mobior-full/site-library	existing_library	library	
MultiAssayExperiment	MultiAssayExperiment	OK	1.38.0	/usr/local/lib/R/site-library	existing_library	library	
MultiDataSet	MultiDataSet	OK	1.40.0	/opt/mobior-full/site-library	existing_library	library	
multtest	multtest	OK	2.68.0	/usr/local/lib/R/site-library	bioconductor;existing_library	full;library	
munsell	munsell	OK	0.5.1	/opt/mobior-full/site-library	existing_library	library	
mvtnorm	mvtnorm	OK	1.4.1	/usr/local/lib/R/site-library	existing_library	library	
mvtnormAPI	mvtnormAPI	MISSING			existing_library	library	不存在叫‘mvtnormAPI’这个名称的程序包
mzID	mzID	OK	1.50.0	/opt/mobior-full/site-library	existing_library	library	
mzR	mzR	OK	2.46.0	/opt/mobior-full/site-library	existing_library	library	
naivebayes	naivebayes	OK	1.0.0	/opt/mobior-full/site-library	cran;existing_library	full;library	
nanonext	nanonext	OK	1.9.1	/usr/local/lib/R/site-library	existing_library	library	
ncdf4	ncdf4	OK	1.24	/opt/mobior-full/site-library	existing_library	library	
networkD3	networkD3	OK	0.4.1	/opt/mobior-full/site-library	existing_library	library	
nlme	nlme	OK	3.1.168	/usr/lib/R/library	existing_library	library	
nloptr	nloptr	OK	2.2.1	/usr/local/lib/R/site-library	existing_library	library	
nnet	nnet	OK	7.3.20	/usr/lib/R/library	cran;existing_library	full;library	
nnls	nnls	OK	1.6	/opt/mobior-full/site-library	existing_library	library	
nortest	nortest	OK	1.0.4	/opt/mobior-full/site-library	existing_library	library	
numDeriv	numDeriv	OK	2016.8.1.1	/usr/local/lib/R/site-library	existing_library	library	
openssl	openssl	OK	2.4.1	/usr/local/lib/R/site-library	existing_library	library	
openxlsx	openxlsx	OK	4.2.8.1	/usr/local/lib/R/site-library	cran;existing_library	core;library	
optparse	optparse	OK	1.8.2	/usr/local/lib/R/site-library	cran;existing_library	core;library	
org.Hs.eg.db	org.Hs.eg.db	OK	3.23.1	/opt/mobior-full/site-library	bioconductor;existing_library	full;library	
org.Mm.eg.db	org.Mm.eg.db	OK	3.23.0	/opt/mobior-full/site-library	bioconductor	full	
org.testing.db	org.testing.db	MISSING			existing_library	library	不存在叫‘org.testing.db’这个名称的程序包
osqp	osqp	OK	1.0.0	/opt/mobior-full/site-library	existing_library	library	
otel	otel	OK	0.2.0	/opt/mobior-full/site-library	existing_library	library	
pacman	pacman	OK	0.5.1	/usr/local/lib/R/site-library	cran;existing_library	core;library	
pak	pak	OK	0.10.0	/opt/mobior-full/site-library	cran;existing_library	full;library	
paletteer	paletteer	OK	1.7.0	/opt/mobior-full/site-library	existing_library	library	
palmerpenguins	palmerpenguins	OK	0.1.1	/usr/local/lib/R/site-library	existing_library	library	
pander	pander	OK	0.6.6	/opt/mobior-full/site-library	cran	full	
paradox	paradox	OK	1.0.1	/usr/local/lib/R/site-library	cran;existing_library	core;library	
parallel	parallel	OK	4.6.0	/usr/lib/R/library	existing_library	library	
parallelly	parallelly	OK	1.47.0	/usr/local/lib/R/site-library	existing_library	library	
parameters	parameters	OK	0.29.1	/opt/mobior-full/site-library	existing_library	library	
patchwork	patchwork	OK	1.3.2	/usr/local/lib/R/site-library	cran;existing_library	core;library	
pathview	pathview	OK	1.52.0	/opt/mobior-full/site-library	bioconductor;existing_library	full;library	
pbapply	pbapply	OK	1.7.4	/opt/mobior-full/site-library	existing_library	library	
pbkrtest	pbkrtest	OK	0.5.5	/usr/local/lib/R/site-library	existing_library	library	
pcaMethods	pcaMethods	OK	2.4.0	/opt/mobior-full/site-library	bioconductor;existing_library	full;library	
performance	performance	OK	0.17.0	/opt/mobior-full/site-library	existing_library	library	
permute	permute	OK	0.9.10	/usr/local/lib/R/site-library	existing_library	library	
pheatmap	pheatmap	OK	1.0.13	/usr/local/lib/R/site-library	cran;existing_library	core;library	
phyloseq	phyloseq	OK	1.56.0	/usr/local/lib/R/site-library	bioconductor;existing_library	core;library	
pillar	pillar	OK	1.11.1	/usr/local/lib/R/site-library	existing_library	library	
pixmap	pixmap	OK	0.4.14	/usr/local/lib/R/site-library	existing_library	library	
pkgbuild	pkgbuild	OK	1.4.8	/opt/mobior-full/site-library	existing_library	library	
pkgcache	pkgcache	OK	2.2.5	/opt/mobior-full/site-library	existing_library	library	
pkgconfig	pkgconfig	OK	2.0.3	/usr/local/lib/R/site-library	existing_library	library	
pkgdepends	pkgdepends	OK	0.9.1	/opt/mobior-full/site-library	existing_library	library	
pkgdown	pkgdown	OK	2.2.0	/opt/mobior-full/site-library	existing_library	library	
pkgload	pkgload	OK	1.5.2	/opt/mobior-full/site-library	existing_library	library	
pkgsearch	pkgsearch	OK	3.1.5	/opt/mobior-full/site-library	existing_library	library	
plogr	plogr	OK	0.2.0	/opt/mobior-full/site-library	existing_library	library	
plotly	plotly	OK	4.12.0	/opt/mobior-full/site-library	cran;existing_library	full;library	
plotrix	plotrix	OK	3.8.14	/opt/mobior-full/site-library	existing_library	library	
plyinteractions	plyinteractions	OK	1.10.0	/opt/mobior-full/site-library	bioconductor	full	
plyr	plyr	OK	1.8.9	/usr/local/lib/R/site-library	existing_library	library	
PMCMRplus	PMCMRplus	OK	1.9.12	/opt/mobior-full/site-library	existing_library	library	
png	png	OK	0.1.9	/usr/local/lib/R/site-library	existing_library	library	
polspline	polspline	OK	1.1.25	/opt/mobior-full/site-library	existing_library	library	
polyclip	polyclip	OK	1.10.7	/usr/local/lib/R/site-library	existing_library	library	
polynom	polynom	OK	1.4.1	/usr/local/lib/R/site-library	existing_library	library	
prabclus	prabclus	OK	2.3.5	/usr/local/lib/R/site-library	existing_library	library	
praise	praise	OK	1.0.0	/opt/mobior-full/site-library	existing_library	library	
precrec	precrec	OK	0.14.5	/opt/mobior-full/site-library	existing_library	library	
preprocessCore	preprocessCore	OK	1.74.0	/opt/mobior-full/site-library	bioconductor;existing_library	full;library	
prettyunits	prettyunits	OK	1.2.0	/usr/local/lib/R/site-library	existing_library	library	
prismatic	prismatic	OK	1.1.2	/opt/mobior-full/site-library	existing_library	library	
pROC	pROC	OK	1.19.0.1	/usr/local/lib/R/site-library	cran;existing_library	core;library	
processx	processx	OK	3.9.0	/opt/mobior-full/site-library	existing_library	library	
prodlim	prodlim	OK	2026.3.11	/opt/mobior-full/site-library	existing_library	library	
profvis	profvis	OK	0.4.0	/opt/mobior-full/site-library	existing_library	library	
progress	progress	OK	1.2.3	/usr/local/lib/R/site-library	existing_library	library	
progressr	progressr	OK	0.19.0	/usr/local/lib/R/site-library	cran;existing_library	core;library	
promises	promises	OK	1.5.0	/opt/mobior-full/site-library	existing_library	library	
ProtGenerics	ProtGenerics	OK	1.44.0	/opt/mobior-full/site-library	existing_library	library	
proxy	proxy	OK	0.4.29	/usr/local/lib/R/site-library	existing_library	library	
PRROC	PRROC	OK	1.4	/usr/local/lib/R/site-library	existing_library	library	
ps	ps	OK	1.9.3	/opt/mobior-full/site-library	existing_library	library	
pscl	pscl	OK	1.5.9	/opt/mobior-full/site-library	existing_library	library	
PSMatch	PSMatch	OK	1.16.0	/opt/mobior-full/site-library	existing_library	library	
psych	psych	OK	2.6.5	/opt/mobior-full/site-library	cran;existing_library	full;library	
purrr	purrr	OK	1.2.2	/usr/local/lib/R/site-library	existing_library	library	
QFeatures	QFeatures	OK	1.22.0	/opt/mobior-full/site-library	existing_library	library	
qqman	qqman	OK	0.1.9	/opt/mobior-full/site-library	existing_library	library	
qs	qs	MISSING			cran;existing_library	full;library	不存在叫‘qs’这个名称的程序包
quadprog	quadprog	OK	1.5.8	/usr/local/lib/R/site-library	existing_library	library	
quantmod	quantmod	OK	0.4.28	/opt/mobior-full/site-library	existing_library	library	
quantreg	quantreg	OK	6.1	/usr/local/lib/R/site-library	existing_library	library	
quarto	quarto	OK	1.5.1	/opt/mobior-full/site-library	cran	full	
qvalue	qvalue	OK	2.44.0	/opt/mobior-full/site-library	bioconductor;existing_library	full;library	
R.cache	R.cache	OK	0.17.0	/opt/mobior-full/site-library	existing_library	library	
R.methodsS3	R.methodsS3	OK	1.8.2	/opt/mobior-full/site-library	existing_library	library	
R.oo	R.oo	OK	1.27.1	/opt/mobior-full/site-library	existing_library	library	
R.utils	R.utils	OK	2.13.0	/opt/mobior-full/site-library	cran;existing_library	full;library	
R6	R6	OK	2.6.1	/usr/local/lib/R/site-library	existing_library	library	
ragg	ragg	OK	1.5.2	/usr/local/lib/R/site-library	cran;existing_library	core;library	
randomForest	randomForest	OK	4.7.1.2	/opt/mobior-full/site-library	cran;existing_library	full;library	
ranger	ranger	OK	0.18.0	/usr/local/lib/R/site-library	cran;existing_library	core;library	
RApiSerialize	RApiSerialize	OK	0.1.4	/opt/mobior-full/site-library	existing_library	library	
rappdirs	rappdirs	OK	0.3.4	/usr/local/lib/R/site-library	existing_library	library	
RBGL	RBGL	OK	1.88.0	/opt/mobior-full/site-library	bioconductor;existing_library	full;library	
rbibutils	rbibutils	OK	2.4.1	/usr/local/lib/R/site-library	existing_library	library	
rbiom	rbiom	OK	3.1.0	/opt/mobior-full/site-library	existing_library	library	
rBLAST	rBLAST	OK	1.8.0	/opt/mobior-full/site-library	bioconductor	full	
rcmdcheck	rcmdcheck	OK	1.4.0	/opt/mobior-full/site-library	existing_library	library	
RColorBrewer	RColorBrewer	OK	1.1.3	/usr/local/lib/R/site-library	cran;existing_library	core;library	
Rcpp	Rcpp	OK	1.1.1.1.1	/usr/local/lib/R/site-library	existing_library	library	
RcppAnnoy	RcppAnnoy	OK	0.0.23	/usr/local/lib/R/site-library	existing_library	library	
RcppArmadillo	RcppArmadillo	OK	15.2.7.1	/usr/local/lib/R/site-library	existing_library	library	
RcppEigen	RcppEigen	OK	0.3.4.0.2	/usr/local/lib/R/site-library	existing_library	library	
RcppHNSW	RcppHNSW	OK	0.7.0	/opt/mobior-full/site-library	existing_library	library	
RcppML	RcppML	OK	0.3.7.1	/usr/local/lib/R/site-library	existing_library	library	
RcppParallel	RcppParallel	OK	5.1.11.2	/opt/mobior-full/site-library	existing_library	library	
RcppProgress	RcppProgress	OK	0.4.2	/usr/local/lib/R/site-library	existing_library	library	
RcppProgressArmadillo	RcppProgressArmadillo	MISSING			existing_library	library	不存在叫‘RcppProgressArmadillo’这个名称的程序包
RcppProgressETA	RcppProgressETA	MISSING			existing_library	library	不存在叫‘RcppProgressETA’这个名称的程序包
RcppProgressExample	RcppProgressExample	MISSING			existing_library	library	不存在叫‘RcppProgressExample’这个名称的程序包
RcppTOML	RcppTOML	OK	0.2.3	/opt/mobior-full/site-library	existing_library	library	
RCurl	RCurl	OK	1.98.1.19	/opt/mobior-full/site-library	existing_library	library	
Rdpack	Rdpack	OK	2.6.6	/usr/local/lib/R/site-library	existing_library	library	
readr	readr	OK	2.2.0	/usr/local/lib/R/site-library	cran;existing_library	core;library	
readxl	readxl	OK	1.5.0	/usr/local/lib/R/site-library	cran;existing_library	core;library	
recipes	recipes	OK	1.3.3	/opt/mobior-full/site-library	existing_library	library	
reformulas	reformulas	OK	0.4.4	/usr/local/lib/R/site-library	existing_library	library	
registry	registry	OK	0.5.1	/opt/mobior-full/site-library	existing_library	library	
rematch	rematch	OK	2.0.0	/usr/local/lib/R/site-library	existing_library	library	
rematch2	rematch2	OK	2.1.2	/opt/mobior-full/site-library	existing_library	library	
remotes	remotes	OK	2.5.0	/usr/local/lib/R/site-library	cran;existing_library	core;library	
renv	renv	OK	1.2.3	/opt/mobior-full/site-library	existing_library	library	
repr	repr	OK	1.1.7	/opt/mobior-full/site-library	existing_library	library	
reprex	reprex	OK	2.1.1	/opt/mobior-full/site-library	existing_library	library	
reshape	reshape	OK	0.8.10	/opt/mobior-full/site-library	existing_library	library	
reshape2	reshape2	OK	1.4.5	/usr/local/lib/R/site-library	cran;existing_library	core;library	
rex	rex	OK	1.2.2	/opt/mobior-full/site-library	existing_library	library	
Rfast	Rfast	OK	2.1.5.2	/opt/mobior-full/site-library	existing_library	library	
Rgraphviz	Rgraphviz	OK	2.56.0	/opt/mobior-full/site-library	bioconductor;existing_library	full;library	
rhdf5	rhdf5	OK	2.56.0	/opt/mobior-full/site-library	existing_library	library	
rhdf5filters	rhdf5filters	OK	1.24.0	/opt/mobior-full/site-library	existing_library	library	
Rhdf5lib	Rhdf5lib	OK	2.0.0	/opt/mobior-full/site-library	existing_library	library	
rJava	rJava	OK	1.0.18	/opt/mobior-full/site-library	cran;existing_library	full;library	
rjson	rjson	OK	0.2.23	/opt/mobior-full/site-library	existing_library	library	
rlang	rlang	OK	1.2.0	/usr/local/lib/R/site-library	existing_library	library	
rmarkdown	rmarkdown	OK	2.31	/usr/local/lib/R/site-library	existing_library	library	
Rmpfr	Rmpfr	OK	1.1.2	/opt/mobior-full/site-library	existing_library	library	
rngtools	rngtools	OK	1.5.2	/usr/local/lib/R/site-library	existing_library	library	
robustbase	robustbase	OK	0.99.7	/usr/local/lib/R/site-library	cran;existing_library	core;library	
ROCR	ROCR	OK	1.0.12	/usr/local/lib/R/site-library	cran;existing_library	core;library	
rootSolve	rootSolve	OK	1.8.2.4	/usr/local/lib/R/site-library	existing_library	library	
ropls	ropls	OK	1.44.0	/opt/mobior-full/site-library	bioconductor;existing_library	full;library	
roxygen2	roxygen2	OK	8.0.0	/opt/mobior-full/site-library	cran;existing_library	full;library	
rpart	rpart	OK	4.1.24	/usr/lib/R/library	cran;existing_library	full;library	
rprojroot	rprojroot	OK	2.1.1	/usr/local/lib/R/site-library	cran;existing_library	core;library	
Rserve	Rserve	OK	1.8.19	/opt/mobior-full/site-library	existing_library	library	
RSpectra	RSpectra	OK	0.16.2	/usr/local/lib/R/site-library	existing_library	library	
RSQLite	RSQLite	OK	3.53.1	/opt/mobior-full/site-library	existing_library	library	
RStanTest	RStanTest	MISSING			existing_library	library	不存在叫‘RStanTest’这个名称的程序包
rstantools	rstantools	OK	2.6.0	/opt/mobior-full/site-library	existing_library	library	
rstatix	rstatix	OK	0.7.3	/usr/local/lib/R/site-library	cran;existing_library	full;library	
rstudioapi	rstudioapi	OK	0.18.0	/usr/local/lib/R/site-library	existing_library	library	
rsvd	rsvd	OK	1.0.5	/usr/local/lib/R/site-library	existing_library	library	
Rtsne	Rtsne	OK	0.17	/usr/local/lib/R/site-library	existing_library	library	
rversions	rversions	OK	3.0.0	/opt/mobior-full/site-library	existing_library	library	
rvest	rvest	OK	1.0.5	/opt/mobior-full/site-library	existing_library	library	
RWeka	RWeka	OK	0.4.48	/opt/mobior-full/site-library	cran;existing_library	full;library	
RWekajars	RWekajars	OK	3.9.3.2	/opt/mobior-full/site-library	existing_library	library	
S4Arrays	S4Arrays	OK	1.12.0	/usr/local/lib/R/site-library	existing_library	library	
S4Vectors	S4Vectors	OK	0.50.1	/usr/local/lib/R/site-library	existing_library	library	
S7	S7	OK	0.2.2	/usr/local/lib/R/site-library	existing_library	library	
safetensors	safetensors	OK	0.2.1	/opt/mobior-full/site-library	existing_library	library	
sandwich	sandwich	OK	3.1.1	/usr/local/lib/R/site-library	existing_library	library	
sass	sass	OK	0.4.10	/usr/local/lib/R/site-library	existing_library	library	
ScaledMatrix	ScaledMatrix	OK	1.20.0	/usr/local/lib/R/site-library	existing_library	library	
scales	scales	OK	1.4.0	/usr/local/lib/R/site-library	existing_library	library	
scater	scater	OK	1.40.1	/usr/local/lib/R/site-library	existing_library	library	
scatterpie	scatterpie	OK	0.2.6	/opt/mobior-full/site-library	existing_library	library	
scatterplot3d	scatterplot3d	OK	0.3.45	/opt/mobior-full/site-library	cran;existing_library	full;library	
scrime	scrime	OK	1.3.7	/opt/mobior-full/site-library	existing_library	library	
scs	scs	OK	3.2.7	/opt/mobior-full/site-library	existing_library	library	
scuttle	scuttle	OK	1.22.0	/usr/local/lib/R/site-library	existing_library	library	
selectr	selectr	OK	0.5.1	/opt/mobior-full/site-library	existing_library	library	
Seqinfo	Seqinfo	OK	1.2.0	/usr/local/lib/R/site-library	existing_library	library	
sessioninfo	sessioninfo	OK	1.2.4	/opt/mobior-full/site-library	existing_library	library	
SeuratWrappers	SeuratWrappers	OK	0.4.0	/opt/mobior-full/site-library	github	full	
shades	shades	OK	1.4.0	/usr/local/lib/R/site-library	existing_library	library	
shadowtext	shadowtext	OK	0.1.6	/opt/mobior-full/site-library	existing_library	library	
shape	shape	OK	1.4.6.1	/usr/local/lib/R/site-library	existing_library	library	
shapviz	shapviz	OK	0.10.3	/usr/local/lib/R/site-library	cran;existing_library	core;library	
shiny	shiny	OK	1.13.0	/opt/mobior-full/site-library	existing_library	library	
showtext	showtext	OK	0.9.8	/usr/local/lib/R/site-library	cran;existing_library	core;library	
showtextdb	showtextdb	OK	3.0	/usr/local/lib/R/site-library	existing_library	library	
siggenes	siggenes	OK	1.86.0	/opt/mobior-full/site-library	bioconductor;existing_library	full;library	
SingleCellExperiment	SingleCellExperiment	OK	1.34.0	/usr/local/lib/R/site-library	bioconductor;existing_library	core;library	
sitmo	sitmo	OK	2.0.2	/usr/local/lib/R/site-library	existing_library	library	
skimr	skimr	OK	2.2.2	/opt/mobior-full/site-library	existing_library	library	
slam	slam	OK	0.1.55	/opt/mobior-full/site-library	existing_library	library	
smotefamily	smotefamily	OK	1.4.0	/opt/mobior-full/site-library	cran;existing_library	full;library	
snow	snow	OK	0.4.4	/usr/local/lib/R/site-library	existing_library	library	
SnowballC	SnowballC	OK	0.7.1	/opt/mobior-full/site-library	existing_library	library	
SoupX	SoupX	OK	1.6.2	/opt/mobior-full/site-library	cran	full	
sourcetools	sourcetools	OK	0.1.7.2	/opt/mobior-full/site-library	existing_library	library	
sp	sp	OK	2.2.1	/usr/local/lib/R/site-library	existing_library	library	
spacefillr	spacefillr	OK	0.4.0	/usr/local/lib/R/site-library	existing_library	library	
SparseArray	SparseArray	OK	1.12.2	/usr/local/lib/R/site-library	existing_library	library	
SparseM	SparseM	OK	1.84.2	/usr/local/lib/R/site-library	existing_library	library	
sparseMatrixStats	sparseMatrixStats	OK	1.24.0	/usr/local/lib/R/site-library	existing_library	library	
sparsevctrs	sparsevctrs	OK	0.3.6	/opt/mobior-full/site-library	existing_library	library	
spatial	spatial	OK	7.3.17	/usr/lib/R/library	existing_library	library	
Spectra	Spectra	OK	1.22.1	/opt/mobior-full/site-library	existing_library	library	
spelling	spelling	OK	2.3.2	/opt/mobior-full/site-library	existing_library	library	
splines	splines	OK	4.6.0	/usr/lib/R/library	existing_library	library	
SQUAREM	SQUAREM	OK	2026.1	/opt/mobior-full/site-library	existing_library	library	
stabm	stabm	OK	1.2.2	/usr/local/lib/R/site-library	existing_library	library	
stabs	stabs	OK	0.7.1	/opt/mobior-full/site-library	existing_library	library	
statmod	statmod	OK	1.5.2	/opt/mobior-full/site-library	existing_library	library	
stats	stats	OK	4.6.0	/usr/lib/R/library	existing_library	library	
stats4	stats4	OK	4.6.0	/usr/lib/R/library	existing_library	library	
statsExpressions	statsExpressions	OK	2.0.0	/opt/mobior-full/site-library	existing_library	library	
storr	storr	OK	1.2.6	/opt/mobior-full/site-library	existing_library	library	
stringfish	stringfish	OK	0.19.0	/opt/mobior-full/site-library	existing_library	library	
stringi	stringi	OK	1.8.7	/usr/local/lib/R/site-library	existing_library	library	
stringr	stringr	OK	1.6.0	/usr/local/lib/R/site-library	cran;existing_library	core;library	
styler	styler	OK	1.11.0	/opt/mobior-full/site-library	existing_library	library	
SummarizedExperiment	SummarizedExperiment	OK	1.42.0	/usr/local/lib/R/site-library	existing_library	library	
SuppDists	SuppDists	OK	1.1.9.9	/usr/local/lib/R/site-library	existing_library	library	
survival	survival	OK	3.8.6	/usr/lib/R/library	existing_library	library	
sva	sva	OK	3.60.0	/opt/mobior-full/site-library	bioconductor;existing_library	full;library	
svglite	svglite	OK	2.2.2	/opt/mobior-full/site-library	existing_library	library	
swagger	swagger	OK	5.32.1	/opt/mobior-full/site-library	existing_library	library	
sys	sys	OK	3.4.3	/usr/local/lib/R/site-library	existing_library	library	
sysfonts	sysfonts	OK	0.8.9	/usr/local/lib/R/site-library	cran;existing_library	core;library	
systemfonts	systemfonts	OK	1.3.2	/usr/local/lib/R/site-library	existing_library	library	
tcltk	tcltk	OK	4.6.0	/usr/lib/R/library	existing_library	library	
tensorA	tensorA	OK	0.36.2.1	/opt/mobior-full/site-library	existing_library	library	
testRcppAttributePackage	testRcppAttributePackage	MISSING			existing_library	library	不存在叫‘testRcppAttributePackage’这个名称的程序包
testRcppClass	testRcppClass	MISSING			existing_library	library	不存在叫‘testRcppClass’这个名称的程序包
testRcppInterfaceExporter	testRcppInterfaceExporter	MISSING			existing_library	library	不存在叫‘testRcppInterfaceExporter’这个名称的程序包
testRcppInterfaceUser	testRcppInterfaceUser	MISSING			existing_library	library	不存在叫‘testRcppInterfaceUser’这个名称的程序包
testRcppModule	testRcppModule	MISSING			existing_library	library	不存在叫‘testRcppModule’这个名称的程序包
testRcppPackage	testRcppPackage	MISSING			existing_library	library	不存在叫‘testRcppPackage’这个名称的程序包
testthat	testthat	OK	3.3.2	/opt/mobior-full/site-library	existing_library	library	
textshaping	textshaping	OK	1.0.5	/usr/local/lib/R/site-library	cran;existing_library	core;library	
TH.data	TH.data	OK	1.1.5	/usr/local/lib/R/site-library	existing_library	library	
tibble	tibble	OK	3.3.1	/usr/local/lib/R/site-library	cran;existing_library	core;library	
tidybulk	tidybulk	OK	2.2.0	/opt/mobior-full/site-library	bioconductor	full	
tidydr	tidydr	OK	0.0.6	/opt/mobior-full/site-library	existing_library	library	
tidyfst	tidyfst	OK	1.8.4	/opt/mobior-full/site-library	existing_library	library	
tidygraph	tidygraph	OK	1.3.1	/usr/local/lib/R/site-library	existing_library	library	
tidymodels	tidymodels	OK	1.5.0	/opt/mobior-full/site-library	cran;existing_library	full;library	
tidyomics	tidyomics	OK	1.8.0	/opt/mobior-full/site-library	bioconductor	full	
tidyr	tidyr	OK	1.3.2	/usr/local/lib/R/site-library	cran;existing_library	core;library	
tidyselect	tidyselect	OK	1.2.1	/usr/local/lib/R/site-library	existing_library	library	
tidyseurat	tidyseurat	OK	0.8.10	/opt/mobior-full/site-library	github	full	
tidySpatialExperiment	tidySpatialExperiment	OK	1.8.0	/opt/mobior-full/site-library	bioconductor	full	
tidytext	tidytext	OK	0.4.3	/opt/mobior-full/site-library	existing_library	library	
tidytree	tidytree	OK	0.4.7	/usr/local/lib/R/site-library	existing_library	library	
tidyverse	tidyverse	OK	2.0.0	/opt/mobior-full/site-library	cran;existing_library	full;library	
timechange	timechange	OK	0.4.0	/opt/mobior-full/site-library	existing_library	library	
timeDate	timeDate	OK	4052.112	/usr/local/lib/R/site-library	existing_library	library	
timereg	timereg	OK	2.0.7	/opt/mobior-full/site-library	existing_library	library	
tinytex	tinytex	OK	0.59	/usr/local/lib/R/site-library	cran;existing_library	full;library	
tokenizers	tokenizers	OK	0.3.0	/opt/mobior-full/site-library	existing_library	library	
tools	tools	OK	4.6.0	/usr/lib/R/library	existing_library	library	
translations	translations	MISSING			existing_library	library	程序包‘translations’没有命名空间
treeio	treeio	OK	1.36.1	/usr/local/lib/R/site-library	existing_library	library	
treeshap	treeshap	OK	0.4.0	/opt/mobior-full/site-library	cran;existing_library	full;library	
TreeSummarizedExperiment	TreeSummarizedExperiment	OK	2.20.0	/usr/local/lib/R/site-library	existing_library	library	
truncnorm	truncnorm	OK	1.0.9	/opt/mobior-full/site-library	existing_library	library	
tseries	tseries	OK	0.10.61	/opt/mobior-full/site-library	existing_library	library	
TTR	TTR	OK	0.24.4	/opt/mobior-full/site-library	existing_library	library	
tweenr	tweenr	OK	2.0.3	/usr/local/lib/R/site-library	existing_library	library	
tzdb	tzdb	OK	0.5.0	/usr/local/lib/R/site-library	existing_library	library	
UCSC.utils	UCSC.utils	OK	1.8.0	/opt/mobior-full/site-library	existing_library	library	
UpSetR	UpSetR	OK	1.4.1	/opt/mobior-full/site-library	cran;existing_library	full;library	
urca	urca	OK	1.3.4	/usr/local/lib/R/site-library	existing_library	library	
urlchecker	urlchecker	OK	1.0.1	/opt/mobior-full/site-library	existing_library	library	
usethis	usethis	OK	3.2.1	/opt/mobior-full/site-library	cran;existing_library	full;library	
utf8	utf8	OK	1.2.6	/usr/local/lib/R/site-library	existing_library	library	
utils	utils	OK	4.6.0	/usr/lib/R/library	existing_library	library	
uuid	uuid	OK	1.2.2	/usr/local/lib/R/site-library	existing_library	library	
uwot	uwot	OK	0.2.4	/usr/local/lib/R/site-library	existing_library	library	
vctrs	vctrs	OK	0.7.3	/usr/local/lib/R/site-library	existing_library	library	
vegan	vegan	OK	2.7.5	/usr/local/lib/R/site-library	existing_library	library	
VennDiagram	VennDiagram	OK	1.8.2	/opt/mobior-full/site-library	cran;existing_library	full;library	
VGAM	VGAM	OK	1.1.14	/opt/mobior-full/site-library	existing_library	library	
vipor	vipor	OK	0.4.7	/usr/local/lib/R/site-library	existing_library	library	
viridis	viridis	OK	0.6.5	/usr/local/lib/R/site-library	existing_library	library	
viridisLite	viridisLite	OK	0.4.3	/usr/local/lib/R/site-library	existing_library	library	
vroom	vroom	OK	1.7.1	/usr/local/lib/R/site-library	existing_library	library	
vscDebugger	vscDebugger	MISSING			existing_library	library	不存在叫‘vscDebugger’这个名称的程序包
vsn	vsn	OK	3.80.0	/opt/mobior-full/site-library	existing_library	library	
waldo	waldo	OK	0.6.2	/opt/mobior-full/site-library	existing_library	library	
whisker	whisker	OK	0.4.1	/opt/mobior-full/site-library	existing_library	library	
withr	withr	OK	3.0.2	/usr/local/lib/R/site-library	existing_library	library	
wk	wk	OK	0.9.5	/opt/mobior-full/site-library	existing_library	library	
writexl	writexl	OK	1.5.4	/usr/local/lib/R/site-library	cran;existing_library	core;library	
WRS2	WRS2	OK	1.1.7	/opt/mobior-full/site-library	existing_library	library	
xfun	xfun	OK	0.58	/usr/local/lib/R/site-library	cran;existing_library	core;library	
xgboost	xgboost	OK	3.2.1.1	/usr/local/lib/R/site-library	cran;existing_library	core;library	
XML	XML	OK	3.99.0.23	/usr/local/lib/R/site-library	cran;existing_library	core;library	
xml2	xml2	OK	1.5.2	/usr/local/lib/R/site-library	existing_library	library	
xmlparsedata	xmlparsedata	OK	1.0.5	/opt/mobior-full/site-library	existing_library	library	
xopen	xopen	OK	1.0.1	/opt/mobior-full/site-library	existing_library	library	
xtable	xtable	OK	1.8.8	/opt/mobior-full/site-library	existing_library	library	
xts	xts	OK	0.14.2	/opt/mobior-full/site-library	existing_library	library	
XVector	XVector	OK	0.52.0	/usr/local/lib/R/site-library	existing_library	library	
yaml	yaml	OK	2.3.12	/usr/local/lib/R/site-library	existing_library	library	
yulab.utils	yulab.utils	OK	0.2.4	/usr/local/lib/R/site-library	existing_library	library	
zCompositions	zCompositions	OK	1.6.1	/opt/mobior-full/site-library	existing_library	library	
zeallot	zeallot	OK	0.2.0	/opt/mobior-full/site-library	existing_library	library	
zigg	zigg	OK	0.0.2	/opt/mobior-full/site-library	existing_library	library	
zigguserDirectC	zigguserDirectC	MISSING			existing_library	library	不存在叫‘zigguserDirectC’这个名称的程序包
zigguserDirectCpp	zigguserDirectCpp	MISSING			existing_library	library	不存在叫‘zigguserDirectCpp’这个名称的程序包
zigguserHeaderCpp	zigguserHeaderCpp	MISSING			existing_library	library	不存在叫‘zigguserHeaderCpp’这个名称的程序包
zigguserHeaderRcpp	zigguserHeaderRcpp	MISSING			existing_library	library	不存在叫‘zigguserHeaderRcpp’这个名称的程序包
zip	zip	OK	2.3.3	/usr/local/lib/R/site-library	existing_library	library	
zlibbioc	zlibbioc	MISSING			existing_library	library	不存在叫‘zlibbioc’这个名称的程序包
zoo	zoo	OK	1.8.15	/usr/local/lib/R/site-library	existing_library	library	
