model_id	modality	label_cn	feature_id	raw_feature	source_file
0.1	metabolome	非靶代谢	Metabolite_3_Dehydroepiandrosterone_sulfate	3-Dehydroepiandrosterone sulfate	非靶代谢/metabo_diff.txt
0.1	metabolome	非靶代谢	Metabolite_1_2_Dimyristoyl_sn_glycero_3_phosphate	1,2-Dimyristoyl-sn-glycero-3-phosphate	非靶代谢/metabo_diff.txt
0.1	metabolome	非靶代谢	Metabolite_16_Phenoxytetranorprostaglandin_A2	16-Phenoxytetranorprostaglandin A2	非靶代谢/metabo_diff.txt
0.1	metabolome	非靶代谢	Metabolite_Mitragynine	Mitragynine	非靶代谢/metabo_diff.txt
0.1	metabolome	非靶代谢	Metabolite_Arachidic_acid	Arachidic acid	非靶代谢/metabo_diff.txt
0.1	metabolome	非靶代谢	Metabolite_5_Chloro_2_4_fluorophenoxy_benzoic_acid	5-Chloro-2-(4-fluorophenoxy)benzoic acid	非靶代谢/metabo_diff.txt
0.1	metabolome	非靶代谢	Metabolite_Valine	Valine	非靶代谢/metabo_diff.txt
0.1	metabolome	非靶代谢	Metabolite_2_Deoxyribose_5_phosphate	2-Deoxyribose 5-phosphate	非靶代谢/metabo_diff.txt
0.1	metabolome	非靶代谢	Metabolite_5_alpha_Pregnan_3_alpha_17_diol_20_one_3_sulfate	5.alpha.-Pregnan-3.alpha.,17-diol-20-one 3-sulfate	非靶代谢/metabo_diff.txt
0.1	metabolome	非靶代谢	Metabolite_Dl_lactate	Dl-lactate	非靶代谢/metabo_diff.txt
0.1	metabolome	非靶代谢	Metabolite_Uridine	Uridine	非靶代谢/metabo_diff.txt
0.1	metabolome	非靶代谢	Metabolite_N_Acetyl_D_tryptophan	N-Acetyl-D-tryptophan	非靶代谢/metabo_diff.txt
0.1	metabolome	非靶代谢	Metabolite_Taurine	Taurine	非靶代谢/metabo_diff.txt
0.1	metabolome	非靶代谢	Metabolite_Isoleucine	Isoleucine	非靶代谢/metabo_diff.txt
0.1	metabolome	非靶代谢	Metabolite_LPE_18_2	LPE 18:2	非靶代谢/metabo_diff.txt
0.1	metabolome	非靶代谢	Metabolite_Pyruvate	Pyruvate	非靶代谢/metabo_diff.txt
0.1	metabolome	非靶代谢	Metabolite_Ketoleucine	Ketoleucine	非靶代谢/metabo_diff.txt
0.1	metabolome	非靶代谢	Metabolite_Saluamine	Saluamine	非靶代谢/metabo_diff.txt
0.1	metabolome	非靶代谢	Metabolite_5_alpha_Androstan_3_alpha_17_beta_diol_O_3_beta_glucuronic_acid	5.alpha.-Androstan-3.alpha.,17.beta.-diol-O-3-.beta.-glucuronic acid	非靶代谢/metabo_diff.txt
0.1	metabolome	非靶代谢	Metabolite_Methyl_heptadecanoic_acid	Methyl heptadecanoic acid	非靶代谢/metabo_diff.txt
0.1	metabolome	非靶代谢	Metabolite_PI_36_4	PI 36:4	非靶代谢/metabo_diff.txt
0.1	metabolome	非靶代谢	Metabolite_Pseudouridine	Pseudouridine	非靶代谢/metabo_diff.txt
0.1	metabolome	非靶代谢	Metabolite_4_Hydroxymethyl_benzenesulfonic_acid	4-(Hydroxymethyl)benzenesulfonic acid	非靶代谢/metabo_diff.txt
0.1	metabolome	非靶代谢	Metabolite_3_Hydroxyphenylacetic_acid	3-Hydroxyphenylacetic acid	非靶代谢/metabo_diff.txt
0.1	metabolome	非靶代谢	Metabolite_Ferulic_acid_dilactone	Ferulic acid dilactone	非靶代谢/metabo_diff.txt
0.1	metabolome	非靶代谢	Metabolite_2_Arachidonoyl_1_stearoyl_sn_glycero_3_phosphoethanolamine	2-Arachidonoyl-1-stearoyl-sn-glycero-3-phosphoethanolamine	非靶代谢/metabo_diff.txt
0.1	metabolome	非靶代谢	Metabolite_1_Stearoyl_2_arachidonoyl_sn_glycero_3_phospho_1_myo_inositol	1-Stearoyl-2-arachidonoyl-sn-glycero-3-phospho-(1'-myo-inositol)	非靶代谢/metabo_diff.txt
0.1	metabolome	非靶代谢	Metabolite_1_alpha_Methyl_5_alpha_androstan_3_alpha_17_beta_diol_glucuronide	1.alpha.-Methyl-5.alpha.-androstan-3.alpha.,17.beta.-diol glucuronide	非靶代谢/metabo_diff.txt
0.1	metabolome	非靶代谢	Metabolite_Phenylacetyl_L_glutamine	Phenylacetyl-L-glutamine	非靶代谢/metabo_diff.txt
0.1	metabolome	非靶代谢	Metabolite_5_Bromo_3_fluoro_2_hydroxybenzoic_acid	5-Bromo-3-fluoro-2-hydroxybenzoic acid	非靶代谢/metabo_diff.txt
0.1	metabolome	非靶代谢	Metabolite_13_cis_Acitretin	13-cis-Acitretin	非靶代谢/metabo_diff.txt
0.1	metabolome	非靶代谢	Metabolite_8_Geranyl_7_hydroxycoumarin	8-Geranyl-7-hydroxycoumarin	非靶代谢/metabo_diff.txt
0.1	metabolome	非靶代谢	Metabolite_Triptophenolide	Triptophenolide	非靶代谢/metabo_diff.txt
0.1	metabolome	非靶代谢	Metabolite_Sulfamethazine	Sulfamethazine	非靶代谢/metabo_diff.txt
0.1	metabolome	非靶代谢	Metabolite_Glycerophosphocholine	Glycerophosphocholine	非靶代谢/metabo_diff.txt
0.1	metabolome	非靶代谢	Metabolite_3_Hydroxy_2_9Z_12Z_octadeca_9_12_dienoyloxy_propyl_2_trimethylazaniumyl_ethyl_phosphate	3-Hydroxy-2-((9Z,12Z)-octadeca-9,12-dienoyloxy)propyl 2-(trimethylazaniumyl)ethyl phosphate	非靶代谢/metabo_diff.txt
0.1	metabolome	非靶代谢	Metabolite_1_Myristoyl_sn_glycero_3_phosphocholine	1-Myristoyl-sn-glycero-3-phosphocholine	非靶代谢/metabo_diff.txt
0.1	metabolome	非靶代谢	Metabolite_Hexamethylcyclotrisiloxane	Hexamethylcyclotrisiloxane	非靶代谢/metabo_diff.txt
0.1	metabolome	非靶代谢	Metabolite_Linolenic_acid	Linolenic acid	非靶代谢/metabo_diff.txt
0.1	metabolome	非靶代谢	Metabolite_1_2_Dipentadecanoyl_sn_glycero_3_phosphocholine	1,2-Dipentadecanoyl-sn-glycero-3-phosphocholine	非靶代谢/metabo_diff.txt
0.1	metabolome	非靶代谢	Metabolite_N_Oleoyl_D_erythro_sphingosylphosphorylcholine	N-Oleoyl-D-erythro-sphingosylphosphorylcholine	非靶代谢/metabo_diff.txt
0.1	metabolome	非靶代谢	Metabolite_Decamethylcyclopentasiloxane	Decamethylcyclopentasiloxane	非靶代谢/metabo_diff.txt
0.1	metabolome	非靶代谢	Metabolite_Piperine	Piperine	非靶代谢/metabo_diff.txt
0.1	metabolome	非靶代谢	Metabolite_1_Palmitoyl_sn_glycero_3_phosphocholine	1-Palmitoyl-sn-glycero-3-phosphocholine	非靶代谢/metabo_diff.txt
0.1	metabolome	非靶代谢	Metabolite_1_2_Diamino_2_methylpropane	1,2-Diamino-2-methylpropane	非靶代谢/metabo_diff.txt
0.1	metabolome	非靶代谢	Metabolite_N_Acetyl_DL_leucine	N-Acetyl-DL-leucine	非靶代谢/metabo_diff.txt
0.1	metabolome	非靶代谢	Metabolite_N_N_Dimethyldodecylamine_N_oxide	N,N-Dimethyldodecylamine N-oxide	非靶代谢/metabo_diff.txt
0.1	metabolome	非靶代谢	Metabolite_1_Stearoyl_2_docosahexaenoyl_sn_glycero_3_phosphocholine	1-Stearoyl-2-docosahexaenoyl-sn-glycero-3-phosphocholine	非靶代谢/metabo_diff.txt
0.1	metabolome	非靶代谢	Metabolite_1_2_Dipalmitoyl_sn_glycero_O_ethyl_3_phosphatidylcholine_cation	1,2-Dipalmitoyl-sn-glycero-O-ethyl-3-phosphatidylcholine cation	非靶代谢/metabo_diff.txt
0.1	metabolome	非靶代谢	Metabolite_1_acetylimidazole	1-acetylimidazole	非靶代谢/metabo_diff.txt
0.1	metabolome	非靶代谢	Metabolite_1_5_Pentanediamine	1,5-Pentanediamine	非靶代谢/metabo_diff.txt
0.1	metabolome	非靶代谢	Metabolite_1_Oleoyl_2_myristoyl_sn_glycero_3_phosphocholine	1-Oleoyl-2-myristoyl-sn-glycero-3-phosphocholine	非靶代谢/metabo_diff.txt
0.1	metabolome	非靶代谢	Metabolite_1_1Z_Hexadecenyl_sn_glycero_3_phosphocholine	1-(1Z-Hexadecenyl)-sn-glycero-3-phosphocholine	非靶代谢/metabo_diff.txt
0.1	metabolome	非靶代谢	Metabolite_1_Methylnicotinamide_cation	1-Methylnicotinamide cation	非靶代谢/metabo_diff.txt
0.1	metabolome	非靶代谢	Metabolite_Creatinine	Creatinine	非靶代谢/metabo_diff.txt
0.1	metabolome	非靶代谢	Metabolite_1_Hexadecyl_2_9Z_octadecenoyl_sn_glycero_3_phosphocholine	1-Hexadecyl-2-(9Z-octadecenoyl)-sn-glycero-3-phosphocholine	非靶代谢/metabo_diff.txt
0.1	metabolome	非靶代谢	Metabolite_Pro_Leu	Pro-Leu	非靶代谢/metabo_diff.txt
0.1	metabolome	非靶代谢	Metabolite_N_Methyl_L_proline	N-Methyl-L-proline	非靶代谢/metabo_diff.txt
0.1	metabolome	非靶代谢	Metabolite_Benzoylecgonine	Benzoylecgonine	非靶代谢/metabo_diff.txt
0.2	oral_bacteria	口腔细菌属	Genus_OralBacteria_Abiotrophia	Abiotrophia	口腔细菌/genus_oral_bacteria.xls
0.2	oral_bacteria	口腔细菌属	Genus_OralBacteria_Acholeplasma	Acholeplasma	口腔细菌/genus_oral_bacteria.xls
0.2	oral_bacteria	口腔细菌属	Genus_OralBacteria_Achromobacter	Achromobacter	口腔细菌/genus_oral_bacteria.xls
0.2	oral_bacteria	口腔细菌属	Genus_OralBacteria_Actinobacillus	Actinobacillus	口腔细菌/genus_oral_bacteria.xls
0.2	oral_bacteria	口腔细菌属	Genus_OralBacteria_Actinomyces	Actinomyces	口腔细菌/genus_oral_bacteria.xls
0.2	oral_bacteria	口腔细菌属	Genus_OralBacteria_Actinomycetaceae_F0332	Actinomycetaceae_F0332	口腔细菌/genus_oral_bacteria.xls
0.2	oral_bacteria	口腔细菌属	Genus_OralBacteria_Aeromicrobium	Aeromicrobium	口腔细菌/genus_oral_bacteria.xls
0.2	oral_bacteria	口腔细菌属	Genus_OralBacteria_Aggregatibacter	Aggregatibacter	口腔细菌/genus_oral_bacteria.xls
0.2	oral_bacteria	口腔细菌属	Genus_OralBacteria_Aliidiomarina	Aliidiomarina	口腔细菌/genus_oral_bacteria.xls
0.2	oral_bacteria	口腔细菌属	Genus_OralBacteria_Alloprevotella	Alloprevotella	口腔细菌/genus_oral_bacteria.xls
0.2	oral_bacteria	口腔细菌属	Genus_OralBacteria_Alloscardovia	Alloscardovia	口腔细菌/genus_oral_bacteria.xls
0.2	oral_bacteria	口腔细菌属	Genus_OralBacteria_Alysiella	Alysiella	口腔细菌/genus_oral_bacteria.xls
0.2	oral_bacteria	口腔细菌属	Genus_OralBacteria_Aminipila	Aminipila	口腔细菌/genus_oral_bacteria.xls
0.2	oral_bacteria	口腔细菌属	Genus_OralBacteria_Anaeroglobus	Anaeroglobus	口腔细菌/genus_oral_bacteria.xls
0.2	oral_bacteria	口腔细菌属	Genus_OralBacteria_Anaerostipes	Anaerostipes	口腔细菌/genus_oral_bacteria.xls
0.2	oral_bacteria	口腔细菌属	Genus_OralBacteria_Anaerovoracaceae_Family_XIII_UCG_001	Anaerovoracaceae_Family_XIII_UCG-001	口腔细菌/genus_oral_bacteria.xls
0.2	oral_bacteria	口腔细菌属	Genus_OralBacteria_Anaerovoracaceae_Incertae_Sedis	Anaerovoracaceae_Incertae_Sedis	口腔细菌/genus_oral_bacteria.xls
0.2	oral_bacteria	口腔细菌属	Genus_OralBacteria_Arachnia	Arachnia	口腔细菌/genus_oral_bacteria.xls
0.2	oral_bacteria	口腔细菌属	Genus_OralBacteria_Atopobium	Atopobium	口腔细菌/genus_oral_bacteria.xls
0.2	oral_bacteria	口腔细菌属	Genus_OralBacteria_Bacilli_RF39_Incertae_Sedis	Bacilli_RF39_Incertae_Sedis	口腔细菌/genus_oral_bacteria.xls
0.2	oral_bacteria	口腔细菌属	Genus_OralBacteria_Bacteroidales_p_2534_18B5_gut_group_Incertae_Sedis	Bacteroidales_p-2534-18B5_gut_group_Incertae_Sedis	口腔细菌/genus_oral_bacteria.xls
0.2	oral_bacteria	口腔细菌属	Genus_OralBacteria_Bacteroides	Bacteroides	口腔细菌/genus_oral_bacteria.xls
0.2	oral_bacteria	口腔细菌属	Genus_OralBacteria_Bergeyella	Bergeyella	口腔细菌/genus_oral_bacteria.xls
0.2	oral_bacteria	口腔细菌属	Genus_OralBacteria_Bifidobacterium	Bifidobacterium	口腔细菌/genus_oral_bacteria.xls
0.2	oral_bacteria	口腔细菌属	Genus_OralBacteria_Bulleidia	Bulleidia	口腔细菌/genus_oral_bacteria.xls
0.2	oral_bacteria	口腔细菌属	Genus_OralBacteria_Butyrivibrio	Butyrivibrio	口腔细菌/genus_oral_bacteria.xls
0.2	oral_bacteria	口腔细菌属	Genus_OralBacteria_Campylobacter	Campylobacter	口腔细菌/genus_oral_bacteria.xls
0.2	oral_bacteria	口腔细菌属	Genus_OralBacteria_Candidatus_Saccharimonas	Candidatus_Saccharimonas	口腔细菌/genus_oral_bacteria.xls
0.2	oral_bacteria	口腔细菌属	Genus_OralBacteria_Capnocytophaga	Capnocytophaga	口腔细菌/genus_oral_bacteria.xls
0.2	oral_bacteria	口腔细菌属	Genus_OralBacteria_Cardiobacterium	Cardiobacterium	口腔细菌/genus_oral_bacteria.xls
0.2	oral_bacteria	口腔细菌属	Genus_OralBacteria_Catonella	Catonella	口腔细菌/genus_oral_bacteria.xls
0.2	oral_bacteria	口腔细菌属	Genus_OralBacteria_Centipeda	Centipeda	口腔细菌/genus_oral_bacteria.xls
0.2	oral_bacteria	口腔细菌属	Genus_OralBacteria_Christensenellaceae_R_7_group	Christensenellaceae_R-7_group	口腔细菌/genus_oral_bacteria.xls
0.2	oral_bacteria	口腔细菌属	Genus_OralBacteria_Clostridia_UCG_014_Incertae_Sedis	Clostridia_UCG-014_Incertae_Sedis	口腔细菌/genus_oral_bacteria.xls
0.2	oral_bacteria	口腔细菌属	Genus_OralBacteria_Clostridia_vadinBB60_group_Incertae_Sedis	Clostridia_vadinBB60_group_Incertae_Sedis	口腔细菌/genus_oral_bacteria.xls
0.2	oral_bacteria	口腔细菌属	Genus_OralBacteria_Comamonas	Comamonas	口腔细菌/genus_oral_bacteria.xls
0.2	oral_bacteria	口腔细菌属	Genus_OralBacteria_Corynebacterium	Corynebacterium	口腔细菌/genus_oral_bacteria.xls
0.2	oral_bacteria	口腔细菌属	Genus_OralBacteria_Cryptobacterium	Cryptobacterium	口腔细菌/genus_oral_bacteria.xls
0.2	oral_bacteria	口腔细菌属	Genus_OralBacteria_Defluviitaleaceae_UCG_011	Defluviitaleaceae_UCG-011	口腔细菌/genus_oral_bacteria.xls
0.2	oral_bacteria	口腔细菌属	Genus_OralBacteria_Desulfobulbus	Desulfobulbus	口腔细菌/genus_oral_bacteria.xls
0.2	oral_bacteria	口腔细菌属	Genus_OralBacteria_Desulfovibrionaceae_Incertae_Sedis	Desulfovibrionaceae_Incertae_Sedis	口腔细菌/genus_oral_bacteria.xls
0.2	oral_bacteria	口腔细菌属	Genus_OralBacteria_Dialister	Dialister	口腔细菌/genus_oral_bacteria.xls
0.2	oral_bacteria	口腔细菌属	Genus_OralBacteria_Dietzia	Dietzia	口腔细菌/genus_oral_bacteria.xls
0.2	oral_bacteria	口腔细菌属	Genus_OralBacteria_Eggerthia	Eggerthia	口腔细菌/genus_oral_bacteria.xls
0.2	oral_bacteria	口腔细菌属	Genus_OralBacteria_Eikenella	Eikenella	口腔细菌/genus_oral_bacteria.xls
0.2	oral_bacteria	口腔细菌属	Genus_OralBacteria_Erysipelotrichaceae_UCG_003	Erysipelotrichaceae_UCG-003	口腔细菌/genus_oral_bacteria.xls
0.2	oral_bacteria	口腔细菌属	Genus_OralBacteria_Escherichia_Shigella	Escherichia-Shigella	口腔细菌/genus_oral_bacteria.xls
0.2	oral_bacteria	口腔细菌属	Genus_OralBacteria_Faecalibacterium	Faecalibacterium	口腔细菌/genus_oral_bacteria.xls
0.2	oral_bacteria	口腔细菌属	Genus_OralBacteria_Filifactor	Filifactor	口腔细菌/genus_oral_bacteria.xls
0.2	oral_bacteria	口腔细菌属	Genus_OralBacteria_Fretibacterium	Fretibacterium	口腔细菌/genus_oral_bacteria.xls
0.2	oral_bacteria	口腔细菌属	Genus_OralBacteria_Fusobacterium	Fusobacterium	口腔细菌/genus_oral_bacteria.xls
0.2	oral_bacteria	口腔细菌属	Genus_OralBacteria_Gemella	Gemella	口腔细菌/genus_oral_bacteria.xls
0.2	oral_bacteria	口腔细菌属	Genus_OralBacteria_Gracilibacteria_Absconditabacteriales_SR1_Incertae_Sedis	Gracilibacteria_Absconditabacteriales_(SR1)_Incertae_Sedis	口腔细菌/genus_oral_bacteria.xls
0.2	oral_bacteria	口腔细菌属	Genus_OralBacteria_Gracilibacteria_Incertae_Sedis	Gracilibacteria_Incertae_Sedis	口腔细菌/genus_oral_bacteria.xls
0.2	oral_bacteria	口腔细菌属	Genus_OralBacteria_Gracilibacteria_JGI_0000069_P22_Incertae_Sedis	Gracilibacteria_JGI_0000069-P22_Incertae_Sedis	口腔细菌/genus_oral_bacteria.xls
0.2	oral_bacteria	口腔细菌属	Genus_OralBacteria_Granulicatella	Granulicatella	口腔细菌/genus_oral_bacteria.xls
0.2	oral_bacteria	口腔细菌属	Genus_OralBacteria_Haemophilus	Haemophilus	口腔细菌/genus_oral_bacteria.xls
0.2	oral_bacteria	口腔细菌属	Genus_OralBacteria_Halomonas	Halomonas	口腔细菌/genus_oral_bacteria.xls
0.2	oral_bacteria	口腔细菌属	Genus_OralBacteria_Hornefia	Hornefia	口腔细菌/genus_oral_bacteria.xls
0.2	oral_bacteria	口腔细菌属	Genus_OralBacteria_Howardella	Howardella	口腔细菌/genus_oral_bacteria.xls
0.2	oral_bacteria	口腔细菌属	Genus_OralBacteria_Hoylesella	Hoylesella	口腔细菌/genus_oral_bacteria.xls
0.2	oral_bacteria	口腔细菌属	Genus_OralBacteria_Izemoplasmatales_Incertae_Sedis	Izemoplasmatales_Incertae_Sedis	口腔细菌/genus_oral_bacteria.xls
0.2	oral_bacteria	口腔细菌属	Genus_OralBacteria_Johnsonella	Johnsonella	口腔细菌/genus_oral_bacteria.xls
0.2	oral_bacteria	口腔细菌属	Genus_OralBacteria_Kingella	Kingella	口腔细菌/genus_oral_bacteria.xls
0.2	oral_bacteria	口腔细菌属	Genus_OralBacteria_Lachnoanaerobaculum	Lachnoanaerobaculum	口腔细菌/genus_oral_bacteria.xls
0.2	oral_bacteria	口腔细菌属	Genus_OralBacteria_Lachnospiraceae_Incertae_Sedis	Lachnospiraceae_Incertae_Sedis	口腔细菌/genus_oral_bacteria.xls
0.2	oral_bacteria	口腔细菌属	Genus_OralBacteria_Lachnospiraceae_NK4A136_group	Lachnospiraceae_NK4A136_group	口腔细菌/genus_oral_bacteria.xls
0.2	oral_bacteria	口腔细菌属	Genus_OralBacteria_Lachnospiraceae_unclassified	Lachnospiraceae_unclassified	口腔细菌/genus_oral_bacteria.xls
0.2	oral_bacteria	口腔细菌属	Genus_OralBacteria_Lactiplantibacillus	Lactiplantibacillus	口腔细菌/genus_oral_bacteria.xls
0.2	oral_bacteria	口腔细菌属	Genus_OralBacteria_Lactobacillales_unclassified	Lactobacillales_unclassified	口腔细菌/genus_oral_bacteria.xls
0.2	oral_bacteria	口腔细菌属	Genus_OralBacteria_Lactobacillus	Lactobacillus	口腔细菌/genus_oral_bacteria.xls
0.2	oral_bacteria	口腔细菌属	Genus_OralBacteria_Lancefieldella	Lancefieldella	口腔细菌/genus_oral_bacteria.xls
0.2	oral_bacteria	口腔细菌属	Genus_OralBacteria_Lautropia	Lautropia	口腔细菌/genus_oral_bacteria.xls
0.2	oral_bacteria	口腔细菌属	Genus_OralBacteria_Lentimicrobium	Lentimicrobium	口腔细菌/genus_oral_bacteria.xls
0.2	oral_bacteria	口腔细菌属	Genus_OralBacteria_Leptotrichia	Leptotrichia	口腔细菌/genus_oral_bacteria.xls
0.2	oral_bacteria	口腔细菌属	Genus_OralBacteria_Leptotrichiaceae_Incertae_Sedis	Leptotrichiaceae_Incertae_Sedis	口腔细菌/genus_oral_bacteria.xls
0.2	oral_bacteria	口腔细菌属	Genus_OralBacteria_Leuconostoc	Leuconostoc	口腔细菌/genus_oral_bacteria.xls
0.2	oral_bacteria	口腔细菌属	Genus_OralBacteria_Ligilactobacillus	Ligilactobacillus	口腔细菌/genus_oral_bacteria.xls
0.2	oral_bacteria	口腔细菌属	Genus_OralBacteria_Limosilactobacillus	Limosilactobacillus	口腔细菌/genus_oral_bacteria.xls
0.2	oral_bacteria	口腔细菌属	Genus_OralBacteria_Massilia	Massilia	口腔细菌/genus_oral_bacteria.xls
0.2	oral_bacteria	口腔细菌属	Genus_OralBacteria_Megasphaera	Megasphaera	口腔细菌/genus_oral_bacteria.xls
0.2	oral_bacteria	口腔细菌属	Genus_OralBacteria_Methyloversatilis	Methyloversatilis	口腔细菌/genus_oral_bacteria.xls
0.2	oral_bacteria	口腔细菌属	Genus_OralBacteria_Mobiluncus	Mobiluncus	口腔细菌/genus_oral_bacteria.xls
0.2	oral_bacteria	口腔细菌属	Genus_OralBacteria_Mogibacterium	Mogibacterium	口腔细菌/genus_oral_bacteria.xls
0.2	oral_bacteria	口腔细菌属	Genus_OralBacteria_Moraxella	Moraxella	口腔细菌/genus_oral_bacteria.xls
0.2	oral_bacteria	口腔细菌属	Genus_OralBacteria_Muribaculaceae_Incertae_Sedis	Muribaculaceae_Incertae_Sedis	口腔细菌/genus_oral_bacteria.xls
0.2	oral_bacteria	口腔细菌属	Genus_OralBacteria_Mycoplasma	Mycoplasma	口腔细菌/genus_oral_bacteria.xls
0.2	oral_bacteria	口腔细菌属	Genus_OralBacteria_Neisseria	Neisseria	口腔细菌/genus_oral_bacteria.xls
0.2	oral_bacteria	口腔细菌属	Genus_OralBacteria_Neisseriaceae_unclassified	Neisseriaceae_unclassified	口腔细菌/genus_oral_bacteria.xls
0.2	oral_bacteria	口腔细菌属	Genus_OralBacteria_Odoribacter	Odoribacter	口腔细菌/genus_oral_bacteria.xls
0.2	oral_bacteria	口腔细菌属	Genus_OralBacteria_Olsenella	Olsenella	口腔细菌/genus_oral_bacteria.xls
0.2	oral_bacteria	口腔细菌属	Genus_OralBacteria_Oribacterium	Oribacterium	口腔细菌/genus_oral_bacteria.xls
0.2	oral_bacteria	口腔细菌属	Genus_OralBacteria_Paludibacteraceae_F0058	Paludibacteraceae_F0058	口腔细菌/genus_oral_bacteria.xls
0.2	oral_bacteria	口腔细菌属	Genus_OralBacteria_Parascardovia	Parascardovia	口腔细菌/genus_oral_bacteria.xls
0.2	oral_bacteria	口腔细菌属	Genus_OralBacteria_Parvimonas	Parvimonas	口腔细菌/genus_oral_bacteria.xls
0.2	oral_bacteria	口腔细菌属	Genus_OralBacteria_Pasteurellaceae_unclassified	Pasteurellaceae_unclassified	口腔细菌/genus_oral_bacteria.xls
0.2	oral_bacteria	口腔细菌属	Genus_OralBacteria_Pelospora	Pelospora	口腔细菌/genus_oral_bacteria.xls
0.2	oral_bacteria	口腔细菌属	Genus_OralBacteria_Peptoanaerobacter	Peptoanaerobacter	口腔细菌/genus_oral_bacteria.xls
0.2	oral_bacteria	口腔细菌属	Genus_OralBacteria_Peptococcus	Peptococcus	口腔细菌/genus_oral_bacteria.xls
0.2	oral_bacteria	口腔细菌属	Genus_OralBacteria_Peptostreptococcaceae_unclassified	Peptostreptococcaceae_unclassified	口腔细菌/genus_oral_bacteria.xls
0.2	oral_bacteria	口腔细菌属	Genus_OralBacteria_Peptostreptococcales_Tissierellales_Family_XI_Incertae_Sedis	Peptostreptococcales-Tissierellales_Family_XI_Incertae_Sedis	口腔细菌/genus_oral_bacteria.xls
0.2	oral_bacteria	口腔细菌属	Genus_OralBacteria_Peptostreptococcales_Tissierellales_Family_XI_W5053	Peptostreptococcales-Tissierellales_Family_XI_W5053	口腔细菌/genus_oral_bacteria.xls
0.2	oral_bacteria	口腔细菌属	Genus_OralBacteria_Peptostreptococcus	Peptostreptococcus	口腔细菌/genus_oral_bacteria.xls
0.2	oral_bacteria	口腔细菌属	Genus_OralBacteria_Phocaeicola	Phocaeicola	口腔细菌/genus_oral_bacteria.xls
0.2	oral_bacteria	口腔细菌属	Genus_OralBacteria_Porphyromonas	Porphyromonas	口腔细菌/genus_oral_bacteria.xls
0.2	oral_bacteria	口腔细菌属	Genus_OralBacteria_Prevotella	Prevotella	口腔细菌/genus_oral_bacteria.xls
0.2	oral_bacteria	口腔细菌属	Genus_OralBacteria_Prevotellaceae_Incertae_Sedis	Prevotellaceae_Incertae_Sedis	口腔细菌/genus_oral_bacteria.xls
0.2	oral_bacteria	口腔细菌属	Genus_OralBacteria_Prevotellaceae_unclassified	Prevotellaceae_unclassified	口腔细菌/genus_oral_bacteria.xls
0.2	oral_bacteria	口腔细菌属	Genus_OralBacteria_Pseudoleptotrichia	Pseudoleptotrichia	口腔细菌/genus_oral_bacteria.xls
0.2	oral_bacteria	口腔细菌属	Genus_OralBacteria_Pseudomonas	Pseudomonas	口腔细菌/genus_oral_bacteria.xls
0.2	oral_bacteria	口腔细菌属	Genus_OralBacteria_Pseudoramibacter	Pseudoramibacter	口腔细菌/genus_oral_bacteria.xls
0.2	oral_bacteria	口腔细菌属	Genus_OralBacteria_Pyramidobacter	Pyramidobacter	口腔细菌/genus_oral_bacteria.xls
0.2	oral_bacteria	口腔细菌属	Genus_OralBacteria_Rhodospirillales_Incertae_Sedis	Rhodospirillales_Incertae_Sedis	口腔细菌/genus_oral_bacteria.xls
0.2	oral_bacteria	口腔细菌属	Genus_OralBacteria_Rikenellaceae_RC9_gut_group	Rikenellaceae_RC9_gut_group	口腔细菌/genus_oral_bacteria.xls
0.2	oral_bacteria	口腔细菌属	Genus_OralBacteria_Rothia	Rothia	口腔细菌/genus_oral_bacteria.xls
0.2	oral_bacteria	口腔细菌属	Genus_OralBacteria_Saccharimonadaceae_Incertae_Sedis	Saccharimonadaceae_Incertae_Sedis	口腔细菌/genus_oral_bacteria.xls
0.2	oral_bacteria	口腔细菌属	Genus_OralBacteria_Saccharimonadaceae_TM7x	Saccharimonadaceae_TM7x	口腔细菌/genus_oral_bacteria.xls
0.2	oral_bacteria	口腔细菌属	Genus_OralBacteria_Saccharimonadaceae_unclassified	Saccharimonadaceae_unclassified	口腔细菌/genus_oral_bacteria.xls
0.2	oral_bacteria	口腔细菌属	Genus_OralBacteria_Saccharimonadales_Incertae_Sedis	Saccharimonadales_Incertae_Sedis	口腔细菌/genus_oral_bacteria.xls
0.2	oral_bacteria	口腔细菌属	Genus_OralBacteria_Scardovia	Scardovia	口腔细菌/genus_oral_bacteria.xls
0.2	oral_bacteria	口腔细菌属	Genus_OralBacteria_Schaalia	Schaalia	口腔细菌/genus_oral_bacteria.xls
0.2	oral_bacteria	口腔细菌属	Genus_OralBacteria_Segatella	Segatella	口腔细菌/genus_oral_bacteria.xls
0.2	oral_bacteria	口腔细菌属	Genus_OralBacteria_Selenomonadaceae_Incertae_Sedis	Selenomonadaceae_Incertae_Sedis	口腔细菌/genus_oral_bacteria.xls
0.2	oral_bacteria	口腔细菌属	Genus_OralBacteria_Selenomonadaceae_unclassified	Selenomonadaceae_unclassified	口腔细菌/genus_oral_bacteria.xls
0.2	oral_bacteria	口腔细菌属	Genus_OralBacteria_Selenomonas	Selenomonas	口腔细菌/genus_oral_bacteria.xls
0.2	oral_bacteria	口腔细菌属	Genus_OralBacteria_Shuttleworthia	Shuttleworthia	口腔细菌/genus_oral_bacteria.xls
0.2	oral_bacteria	口腔细菌属	Genus_OralBacteria_Simonsiella	Simonsiella	口腔细菌/genus_oral_bacteria.xls
0.2	oral_bacteria	口腔细菌属	Genus_OralBacteria_Slackia	Slackia	口腔细菌/genus_oral_bacteria.xls
0.2	oral_bacteria	口腔细菌属	Genus_OralBacteria_Solobacterium	Solobacterium	口腔细菌/genus_oral_bacteria.xls
0.2	oral_bacteria	口腔细菌属	Genus_OralBacteria_Sphingobacteriales_unclassified	Sphingobacteriales_unclassified	口腔细菌/genus_oral_bacteria.xls
0.2	oral_bacteria	口腔细菌属	Genus_OralBacteria_Stomatobaculum	Stomatobaculum	口腔细菌/genus_oral_bacteria.xls
0.2	oral_bacteria	口腔细菌属	Genus_OralBacteria_Streptococcus	Streptococcus	口腔细菌/genus_oral_bacteria.xls
0.2	oral_bacteria	口腔细菌属	Genus_OralBacteria_Tannerella	Tannerella	口腔细菌/genus_oral_bacteria.xls
0.2	oral_bacteria	口腔细菌属	Genus_OralBacteria_Tractidigestivibacter	Tractidigestivibacter	口腔细菌/genus_oral_bacteria.xls
0.2	oral_bacteria	口腔细菌属	Genus_OralBacteria_Treponema	Treponema	口腔细菌/genus_oral_bacteria.xls
0.2	oral_bacteria	口腔细菌属	Genus_OralBacteria_Unassigned_unclassified	Unassigned_unclassified	口腔细菌/genus_oral_bacteria.xls
0.2	oral_bacteria	口腔细菌属	Genus_OralBacteria_Veillonella	Veillonella	口腔细菌/genus_oral_bacteria.xls
0.2	oral_bacteria	口腔细菌属	Genus_OralBacteria_Veillonellaceae_unclassified	Veillonellaceae_unclassified	口腔细菌/genus_oral_bacteria.xls
0.2	oral_bacteria	口腔细菌属	Genus_OralBacteria_Weissella	Weissella	口腔细菌/genus_oral_bacteria.xls
0.2	oral_bacteria	口腔细菌属	Genus_OralBacteria_Xylanibacter	Xylanibacter	口腔细菌/genus_oral_bacteria.xls
0.2	oral_bacteria	口腔细菌属	Genus_OralBacteria_Eubacterium_brachy_group	[Eubacterium]_brachy_group	口腔细菌/genus_oral_bacteria.xls
0.2	oral_bacteria	口腔细菌属	Genus_OralBacteria_Eubacterium_saphenum_group	[Eubacterium]_saphenum_group	口腔细菌/genus_oral_bacteria.xls
0.2	oral_bacteria	口腔细菌属	Genus_OralBacteria_Eubacterium_sulci_group	[Eubacterium]_sulci_group	口腔细菌/genus_oral_bacteria.xls
0.2	oral_bacteria	口腔细菌属	Genus_OralBacteria_Eubacterium_yurii_group	[Eubacterium]_yurii_group	口腔细菌/genus_oral_bacteria.xls
0.3	oral_fungi	口腔真菌属	Genus_OralFungi_Acremonium	Acremonium	口腔真菌/genus_oral_fungi.xls
0.3	oral_fungi	口腔真菌属	Genus_OralFungi_Actinomucor	Actinomucor	口腔真菌/genus_oral_fungi.xls
0.3	oral_fungi	口腔真菌属	Genus_OralFungi_Agaricales_gen_Incertae_sedis	Agaricales_gen_Incertae_sedis	口腔真菌/genus_oral_fungi.xls
0.3	oral_fungi	口腔真菌属	Genus_OralFungi_Agaricomycetes_gen_Incertae_sedis	Agaricomycetes_gen_Incertae_sedis	口腔真菌/genus_oral_fungi.xls
0.3	oral_fungi	口腔真菌属	Genus_OralFungi_Agaricus	Agaricus	口腔真菌/genus_oral_fungi.xls
0.3	oral_fungi	口腔真菌属	Genus_OralFungi_Alternaria	Alternaria	口腔真菌/genus_oral_fungi.xls
0.3	oral_fungi	口腔真菌属	Genus_OralFungi_Apiotrichum	Apiotrichum	口腔真菌/genus_oral_fungi.xls
0.3	oral_fungi	口腔真菌属	Genus_OralFungi_Ascomycota_gen_Incertae_sedis	Ascomycota_gen_Incertae_sedis	口腔真菌/genus_oral_fungi.xls
0.3	oral_fungi	口腔真菌属	Genus_OralFungi_Aspergillaceae_gen_Incertae_sedis	Aspergillaceae_gen_Incertae_sedis	口腔真菌/genus_oral_fungi.xls
0.3	oral_fungi	口腔真菌属	Genus_OralFungi_Aspergillus	Aspergillus	口腔真菌/genus_oral_fungi.xls
0.3	oral_fungi	口腔真菌属	Genus_OralFungi_Aureobasidium	Aureobasidium	口腔真菌/genus_oral_fungi.xls
0.3	oral_fungi	口腔真菌属	Genus_OralFungi_Auricularia	Auricularia	口腔真菌/genus_oral_fungi.xls
0.3	oral_fungi	口腔真菌属	Genus_OralFungi_Bipolaris	Bipolaris	口腔真菌/genus_oral_fungi.xls
0.3	oral_fungi	口腔真菌属	Genus_OralFungi_Bjerkandera	Bjerkandera	口腔真菌/genus_oral_fungi.xls
0.3	oral_fungi	口腔真菌属	Genus_OralFungi_Blumeria	Blumeria	口腔真菌/genus_oral_fungi.xls
0.3	oral_fungi	口腔真菌属	Genus_OralFungi_Botryosphaeria	Botryosphaeria	口腔真菌/genus_oral_fungi.xls
0.3	oral_fungi	口腔真菌属	Genus_OralFungi_Botrytis	Botrytis	口腔真菌/genus_oral_fungi.xls
0.3	oral_fungi	口腔真菌属	Genus_OralFungi_Bovista	Bovista	口腔真菌/genus_oral_fungi.xls
0.3	oral_fungi	口腔真菌属	Genus_OralFungi_Bullera	Bullera	口腔真菌/genus_oral_fungi.xls
0.3	oral_fungi	口腔真菌属	Genus_OralFungi_Candida	Candida	口腔真菌/genus_oral_fungi.xls
0.3	oral_fungi	口腔真菌属	Genus_OralFungi_Capnodiales_gen_Incertae_sedis	Capnodiales_gen_Incertae_sedis	口腔真菌/genus_oral_fungi.xls
0.3	oral_fungi	口腔真菌属	Genus_OralFungi_Cercospora	Cercospora	口腔真菌/genus_oral_fungi.xls
0.3	oral_fungi	口腔真菌属	Genus_OralFungi_Chaetomium	Chaetomium	口腔真菌/genus_oral_fungi.xls
0.3	oral_fungi	口腔真菌属	Genus_OralFungi_Chaetothyriales_gen_Incertae_sedis	Chaetothyriales_gen_Incertae_sedis	口腔真菌/genus_oral_fungi.xls
0.3	oral_fungi	口腔真菌属	Genus_OralFungi_Cladosporium	Cladosporium	口腔真菌/genus_oral_fungi.xls
0.3	oral_fungi	口腔真菌属	Genus_OralFungi_Clavicipitaceae_gen_Incertae_sedis	Clavicipitaceae_gen_Incertae_sedis	口腔真菌/genus_oral_fungi.xls
0.3	oral_fungi	口腔真菌属	Genus_OralFungi_Clonostachys	Clonostachys	口腔真菌/genus_oral_fungi.xls
0.3	oral_fungi	口腔真菌属	Genus_OralFungi_Colletotrichum	Colletotrichum	口腔真菌/genus_oral_fungi.xls
0.3	oral_fungi	口腔真菌属	Genus_OralFungi_Coniochaeta	Coniochaeta	口腔真菌/genus_oral_fungi.xls
0.3	oral_fungi	口腔真菌属	Genus_OralFungi_Coniothyrium	Coniothyrium	口腔真菌/genus_oral_fungi.xls
0.3	oral_fungi	口腔真菌属	Genus_OralFungi_Coprinopsis	Coprinopsis	口腔真菌/genus_oral_fungi.xls
0.3	oral_fungi	口腔真菌属	Genus_OralFungi_Coriolopsis	Coriolopsis	口腔真菌/genus_oral_fungi.xls
0.3	oral_fungi	口腔真菌属	Genus_OralFungi_Cryptococcus	Cryptococcus	口腔真菌/genus_oral_fungi.xls
0.3	oral_fungi	口腔真菌属	Genus_OralFungi_Cryptomarasmius	Cryptomarasmius	口腔真菌/genus_oral_fungi.xls
0.3	oral_fungi	口腔真菌属	Genus_OralFungi_Cucurbitariaceae_gen_Incertae_sedis	Cucurbitariaceae_gen_Incertae_sedis	口腔真菌/genus_oral_fungi.xls
0.3	oral_fungi	口腔真菌属	Genus_OralFungi_Curvularia	Curvularia	口腔真菌/genus_oral_fungi.xls
0.3	oral_fungi	口腔真菌属	Genus_OralFungi_Cutaneotrichosporon	Cutaneotrichosporon	口腔真菌/genus_oral_fungi.xls
0.3	oral_fungi	口腔真菌属	Genus_OralFungi_Cystofilobasidium	Cystofilobasidium	口腔真菌/genus_oral_fungi.xls
0.3	oral_fungi	口腔真菌属	Genus_OralFungi_Debaryomyces	Debaryomyces	口腔真菌/genus_oral_fungi.xls
0.3	oral_fungi	口腔真菌属	Genus_OralFungi_Debaryomycetaceae_gen_Incertae_sedis	Debaryomycetaceae_gen_Incertae_sedis	口腔真菌/genus_oral_fungi.xls
0.3	oral_fungi	口腔真菌属	Genus_OralFungi_Diaporthe	Diaporthe	口腔真菌/genus_oral_fungi.xls
0.3	oral_fungi	口腔真菌属	Genus_OralFungi_Didymellaceae_gen_Incertae_sedis	Didymellaceae_gen_Incertae_sedis	口腔真菌/genus_oral_fungi.xls
0.3	oral_fungi	口腔真菌属	Genus_OralFungi_Didymocyrtis	Didymocyrtis	口腔真菌/genus_oral_fungi.xls
0.3	oral_fungi	口腔真菌属	Genus_OralFungi_Dioszegia	Dioszegia	口腔真菌/genus_oral_fungi.xls
0.3	oral_fungi	口腔真菌属	Genus_OralFungi_Diplodia	Diplodia	口腔真菌/genus_oral_fungi.xls
0.3	oral_fungi	口腔真菌属	Genus_OralFungi_Dipodascaceae_gen_Incertae_sedis	Dipodascaceae_gen_Incertae_sedis	口腔真菌/genus_oral_fungi.xls
0.3	oral_fungi	口腔真菌属	Genus_OralFungi_Dipodascus	Dipodascus	口腔真菌/genus_oral_fungi.xls
0.3	oral_fungi	口腔真菌属	Genus_OralFungi_Diutina	Diutina	口腔真菌/genus_oral_fungi.xls
0.3	oral_fungi	口腔真菌属	Genus_OralFungi_Dothideaceae_gen_Incertae_sedis	Dothideaceae_gen_Incertae_sedis	口腔真菌/genus_oral_fungi.xls
0.3	oral_fungi	口腔真菌属	Genus_OralFungi_Dothideomycetes_gen_Incertae_sedis	Dothideomycetes_gen_Incertae_sedis	口腔真菌/genus_oral_fungi.xls
0.3	oral_fungi	口腔真菌属	Genus_OralFungi_Entyloma	Entyloma	口腔真菌/genus_oral_fungi.xls
0.3	oral_fungi	口腔真菌属	Genus_OralFungi_Erysiphaceae_gen_Incertae_sedis	Erysiphaceae_gen_Incertae_sedis	口腔真菌/genus_oral_fungi.xls
0.3	oral_fungi	口腔真菌属	Genus_OralFungi_Exobasidiomycetes_gen_Incertae_sedis	Exobasidiomycetes_gen_Incertae_sedis	口腔真菌/genus_oral_fungi.xls
0.3	oral_fungi	口腔真菌属	Genus_OralFungi_Exophiala	Exophiala	口腔真菌/genus_oral_fungi.xls
0.3	oral_fungi	口腔真菌属	Genus_OralFungi_Filobasidium	Filobasidium	口腔真菌/genus_oral_fungi.xls
0.3	oral_fungi	口腔真菌属	Genus_OralFungi_Fungi_gen_Incertae_sedis	Fungi_gen_Incertae_sedis	口腔真菌/genus_oral_fungi.xls
0.3	oral_fungi	口腔真菌属	Genus_OralFungi_Fusarium	Fusarium	口腔真菌/genus_oral_fungi.xls
0.3	oral_fungi	口腔真菌属	Genus_OralFungi_Galactomyces	Galactomyces	口腔真菌/genus_oral_fungi.xls
0.3	oral_fungi	口腔真菌属	Genus_OralFungi_Geotrichum	Geotrichum	口腔真菌/genus_oral_fungi.xls
0.3	oral_fungi	口腔真菌属	Genus_OralFungi_Gibellulopsis	Gibellulopsis	口腔真菌/genus_oral_fungi.xls
0.3	oral_fungi	口腔真菌属	Genus_OralFungi_Golubevia	Golubevia	口腔真菌/genus_oral_fungi.xls
0.3	oral_fungi	口腔真菌属	Genus_OralFungi_Gomphillus	Gomphillus	口腔真菌/genus_oral_fungi.xls
0.3	oral_fungi	口腔真菌属	Genus_OralFungi_Hannaella	Hannaella	口腔真菌/genus_oral_fungi.xls
0.3	oral_fungi	口腔真菌属	Genus_OralFungi_Hanseniaspora	Hanseniaspora	口腔真菌/genus_oral_fungi.xls
0.3	oral_fungi	口腔真菌属	Genus_OralFungi_Helotiales_gen_Incertae_sedis	Helotiales_gen_Incertae_sedis	口腔真菌/genus_oral_fungi.xls
0.3	oral_fungi	口腔真菌属	Genus_OralFungi_Hyphopichia	Hyphopichia	口腔真菌/genus_oral_fungi.xls
0.3	oral_fungi	口腔真菌属	Genus_OralFungi_Hypsizygus	Hypsizygus	口腔真菌/genus_oral_fungi.xls
0.3	oral_fungi	口腔真菌属	Genus_OralFungi_Irpex	Irpex	口腔真菌/genus_oral_fungi.xls
0.3	oral_fungi	口腔真菌属	Genus_OralFungi_Irpicomyces	Irpicomyces	口腔真菌/genus_oral_fungi.xls
0.3	oral_fungi	口腔真菌属	Genus_OralFungi_Junghuhnia	Junghuhnia	口腔真菌/genus_oral_fungi.xls
0.3	oral_fungi	口腔真菌属	Genus_OralFungi_Kazachstania	Kazachstania	口腔真菌/genus_oral_fungi.xls
0.3	oral_fungi	口腔真菌属	Genus_OralFungi_Knufia	Knufia	口腔真菌/genus_oral_fungi.xls
0.3	oral_fungi	口腔真菌属	Genus_OralFungi_Kodamaea	Kodamaea	口腔真菌/genus_oral_fungi.xls
0.3	oral_fungi	口腔真菌属	Genus_OralFungi_Komagataella	Komagataella	口腔真菌/genus_oral_fungi.xls
0.3	oral_fungi	口腔真菌属	Genus_OralFungi_Kurtzmaniella	Kurtzmaniella	口腔真菌/genus_oral_fungi.xls
0.3	oral_fungi	口腔真菌属	Genus_OralFungi_Lasiobolidium	Lasiobolidium	口腔真菌/genus_oral_fungi.xls
0.3	oral_fungi	口腔真菌属	Genus_OralFungi_Lasiodiplodia	Lasiodiplodia	口腔真菌/genus_oral_fungi.xls
0.3	oral_fungi	口腔真菌属	Genus_OralFungi_Lecanorales_gen_Incertae_sedis	Lecanorales_gen_Incertae_sedis	口腔真菌/genus_oral_fungi.xls
0.3	oral_fungi	口腔真菌属	Genus_OralFungi_Lecanoromycetes_gen_Incertae_sedis	Lecanoromycetes_gen_Incertae_sedis	口腔真菌/genus_oral_fungi.xls
0.3	oral_fungi	口腔真菌属	Genus_OralFungi_Lectera	Lectera	口腔真菌/genus_oral_fungi.xls
0.3	oral_fungi	口腔真菌属	Genus_OralFungi_Leucosporidium	Leucosporidium	口腔真菌/genus_oral_fungi.xls
0.3	oral_fungi	口腔真菌属	Genus_OralFungi_Lodderomyces	Lodderomyces	口腔真菌/genus_oral_fungi.xls
0.3	oral_fungi	口腔真菌属	Genus_OralFungi_Lophiostoma	Lophiostoma	口腔真菌/genus_oral_fungi.xls
0.3	oral_fungi	口腔真菌属	Genus_OralFungi_Malassezia	Malassezia	口腔真菌/genus_oral_fungi.xls
0.3	oral_fungi	口腔真菌属	Genus_OralFungi_Meyerozyma	Meyerozyma	口腔真菌/genus_oral_fungi.xls
0.3	oral_fungi	口腔真菌属	Genus_OralFungi_Mucor	Mucor	口腔真菌/genus_oral_fungi.xls
0.3	oral_fungi	口腔真菌属	Genus_OralFungi_Mycosphaerellaceae_gen_Incertae_sedis	Mycosphaerellaceae_gen_Incertae_sedis	口腔真菌/genus_oral_fungi.xls
0.3	oral_fungi	口腔真菌属	Genus_OralFungi_Naganishia	Naganishia	口腔真菌/genus_oral_fungi.xls
0.3	oral_fungi	口腔真菌属	Genus_OralFungi_Nakaseomyces	Nakaseomyces	口腔真菌/genus_oral_fungi.xls
0.3	oral_fungi	口腔真菌属	Genus_OralFungi_Neoascochyta	Neoascochyta	口腔真菌/genus_oral_fungi.xls
0.3	oral_fungi	口腔真菌属	Genus_OralFungi_Neosetophoma	Neosetophoma	口腔真菌/genus_oral_fungi.xls
0.3	oral_fungi	口腔真菌属	Genus_OralFungi_Nigrospora	Nigrospora	口腔真菌/genus_oral_fungi.xls
0.3	oral_fungi	口腔真菌属	Genus_OralFungi_Ochrocladosporium	Ochrocladosporium	口腔真菌/genus_oral_fungi.xls
0.3	oral_fungi	口腔真菌属	Genus_OralFungi_Odontoefibula	Odontoefibula	口腔真菌/genus_oral_fungi.xls
0.3	oral_fungi	口腔真菌属	Genus_OralFungi_Ophiosphaerella	Ophiosphaerella	口腔真菌/genus_oral_fungi.xls
0.3	oral_fungi	口腔真菌属	Genus_OralFungi_Papiliotrema	Papiliotrema	口腔真菌/genus_oral_fungi.xls
0.3	oral_fungi	口腔真菌属	Genus_OralFungi_Penicillium	Penicillium	口腔真菌/genus_oral_fungi.xls
0.3	oral_fungi	口腔真菌属	Genus_OralFungi_Phaeosphaeria	Phaeosphaeria	口腔真菌/genus_oral_fungi.xls
0.3	oral_fungi	口腔真菌属	Genus_OralFungi_Phaeosphaeriaceae_gen_Incertae_sedis	Phaeosphaeriaceae_gen_Incertae_sedis	口腔真菌/genus_oral_fungi.xls
0.3	oral_fungi	口腔真菌属	Genus_OralFungi_Pichia	Pichia	口腔真菌/genus_oral_fungi.xls
0.3	oral_fungi	口腔真菌属	Genus_OralFungi_Pleosporales_gen_Incertae_sedis	Pleosporales_gen_Incertae_sedis	口腔真菌/genus_oral_fungi.xls
0.3	oral_fungi	口腔真菌属	Genus_OralFungi_Pleurotus	Pleurotus	口腔真菌/genus_oral_fungi.xls
0.3	oral_fungi	口腔真菌属	Genus_OralFungi_Polyporaceae_gen_Incertae_sedis	Polyporaceae_gen_Incertae_sedis	口腔真菌/genus_oral_fungi.xls
0.3	oral_fungi	口腔真菌属	Genus_OralFungi_Polyporales_gen_Incertae_sedis	Polyporales_gen_Incertae_sedis	口腔真菌/genus_oral_fungi.xls
0.3	oral_fungi	口腔真菌属	Genus_OralFungi_Pseudocercospora	Pseudocercospora	口腔真菌/genus_oral_fungi.xls
0.3	oral_fungi	口腔真菌属	Genus_OralFungi_Psoroglaena	Psoroglaena	口腔真菌/genus_oral_fungi.xls
0.3	oral_fungi	口腔真菌属	Genus_OralFungi_Purpureocillium	Purpureocillium	口腔真菌/genus_oral_fungi.xls
0.3	oral_fungi	口腔真菌属	Genus_OralFungi_Rhizoplaca	Rhizoplaca	口腔真菌/genus_oral_fungi.xls
0.3	oral_fungi	口腔真菌属	Genus_OralFungi_Rhizopus	Rhizopus	口腔真菌/genus_oral_fungi.xls
0.3	oral_fungi	口腔真菌属	Genus_OralFungi_Rhodotorula	Rhodotorula	口腔真菌/genus_oral_fungi.xls
0.3	oral_fungi	口腔真菌属	Genus_OralFungi_Rigidoporus	Rigidoporus	口腔真菌/genus_oral_fungi.xls
0.3	oral_fungi	口腔真菌属	Genus_OralFungi_Robbauera	Robbauera	口腔真菌/genus_oral_fungi.xls
0.3	oral_fungi	口腔真菌属	Genus_OralFungi_Rozellomycota_gen_Incertae_sedis	Rozellomycota_gen_Incertae_sedis	口腔真菌/genus_oral_fungi.xls
0.3	oral_fungi	口腔真菌属	Genus_OralFungi_Saccharomyces	Saccharomyces	口腔真菌/genus_oral_fungi.xls
0.3	oral_fungi	口腔真菌属	Genus_OralFungi_Saccharomycetales_gen_Incertae_sedis	Saccharomycetales_gen_Incertae_sedis	口腔真菌/genus_oral_fungi.xls
0.3	oral_fungi	口腔真菌属	Genus_OralFungi_Saccharomycetes_gen_Incertae_sedis	Saccharomycetes_gen_Incertae_sedis	口腔真菌/genus_oral_fungi.xls
0.3	oral_fungi	口腔真菌属	Genus_OralFungi_Saprochaete	Saprochaete	口腔真菌/genus_oral_fungi.xls
0.3	oral_fungi	口腔真菌属	Genus_OralFungi_Sarocladium	Sarocladium	口腔真菌/genus_oral_fungi.xls
0.3	oral_fungi	口腔真菌属	Genus_OralFungi_Saturnispora	Saturnispora	口腔真菌/genus_oral_fungi.xls
0.3	oral_fungi	口腔真菌属	Genus_OralFungi_Schizophyllum	Schizophyllum	口腔真菌/genus_oral_fungi.xls
0.3	oral_fungi	口腔真菌属	Genus_OralFungi_Schizostoma	Schizostoma	口腔真菌/genus_oral_fungi.xls
0.3	oral_fungi	口腔真菌属	Genus_OralFungi_Scleromitrula	Scleromitrula	口腔真菌/genus_oral_fungi.xls
0.3	oral_fungi	口腔真菌属	Genus_OralFungi_Sclerotiniaceae_gen_Incertae_sedis	Sclerotiniaceae_gen_Incertae_sedis	口腔真菌/genus_oral_fungi.xls
0.3	oral_fungi	口腔真菌属	Genus_OralFungi_Setophoma	Setophoma	口腔真菌/genus_oral_fungi.xls
0.3	oral_fungi	口腔真菌属	Genus_OralFungi_Sistotrema	Sistotrema	口腔真菌/genus_oral_fungi.xls
0.3	oral_fungi	口腔真菌属	Genus_OralFungi_Sordariaceae_gen_Incertae_sedis	Sordariaceae_gen_Incertae_sedis	口腔真菌/genus_oral_fungi.xls
0.3	oral_fungi	口腔真菌属	Genus_OralFungi_Sordariomycetes_gen_Incertae_sedis	Sordariomycetes_gen_Incertae_sedis	口腔真菌/genus_oral_fungi.xls
0.3	oral_fungi	口腔真菌属	Genus_OralFungi_Sphaerulina	Sphaerulina	口腔真菌/genus_oral_fungi.xls
0.3	oral_fungi	口腔真菌属	Genus_OralFungi_Spiromastigoides	Spiromastigoides	口腔真菌/genus_oral_fungi.xls
0.3	oral_fungi	口腔真菌属	Genus_OralFungi_Spissiomyces	Spissiomyces	口腔真菌/genus_oral_fungi.xls
0.3	oral_fungi	口腔真菌属	Genus_OralFungi_Sporobolomyces	Sporobolomyces	口腔真菌/genus_oral_fungi.xls
0.3	oral_fungi	口腔真菌属	Genus_OralFungi_Starmerella	Starmerella	口腔真菌/genus_oral_fungi.xls
0.3	oral_fungi	口腔真菌属	Genus_OralFungi_Stemphylium	Stemphylium	口腔真菌/genus_oral_fungi.xls
0.3	oral_fungi	口腔真菌属	Genus_OralFungi_Sterigmatomyces	Sterigmatomyces	口腔真菌/genus_oral_fungi.xls
0.3	oral_fungi	口腔真菌属	Genus_OralFungi_Talaromyces	Talaromyces	口腔真菌/genus_oral_fungi.xls
0.3	oral_fungi	口腔真菌属	Genus_OralFungi_Tausonia	Tausonia	口腔真菌/genus_oral_fungi.xls
0.3	oral_fungi	口腔真菌属	Genus_OralFungi_Teratosphaeriaceae_gen_Incertae_sedis	Teratosphaeriaceae_gen_Incertae_sedis	口腔真菌/genus_oral_fungi.xls
0.3	oral_fungi	口腔真菌属	Genus_OralFungi_Thelebolus	Thelebolus	口腔真菌/genus_oral_fungi.xls
0.3	oral_fungi	口腔真菌属	Genus_OralFungi_Trametes	Trametes	口腔真菌/genus_oral_fungi.xls
0.3	oral_fungi	口腔真菌属	Genus_OralFungi_Tremellales_gen_Incertae_sedis	Tremellales_gen_Incertae_sedis	口腔真菌/genus_oral_fungi.xls
0.3	oral_fungi	口腔真菌属	Genus_OralFungi_Trichomeriaceae_gen_Incertae_sedis	Trichomeriaceae_gen_Incertae_sedis	口腔真菌/genus_oral_fungi.xls
0.3	oral_fungi	口腔真菌属	Genus_OralFungi_Trichomerium	Trichomerium	口腔真菌/genus_oral_fungi.xls
0.3	oral_fungi	口腔真菌属	Genus_OralFungi_Trichosporon	Trichosporon	口腔真菌/genus_oral_fungi.xls
0.3	oral_fungi	口腔真菌属	Genus_OralFungi_Trichosporonaceae_gen_Incertae_sedis	Trichosporonaceae_gen_Incertae_sedis	口腔真菌/genus_oral_fungi.xls
0.3	oral_fungi	口腔真菌属	Genus_OralFungi_Tygervalleyomyces	Tygervalleyomyces	口腔真菌/genus_oral_fungi.xls
0.3	oral_fungi	口腔真菌属	Genus_OralFungi_Udeniomyces	Udeniomyces	口腔真菌/genus_oral_fungi.xls
0.3	oral_fungi	口腔真菌属	Genus_OralFungi_Ustilaginoidea	Ustilaginoidea	口腔真菌/genus_oral_fungi.xls
0.3	oral_fungi	口腔真菌属	Genus_OralFungi_Vanrija	Vanrija	口腔真菌/genus_oral_fungi.xls
0.3	oral_fungi	口腔真菌属	Genus_OralFungi_Verrucariales_gen_Incertae_sedis	Verrucariales_gen_Incertae_sedis	口腔真菌/genus_oral_fungi.xls
0.3	oral_fungi	口腔真菌属	Genus_OralFungi_Vishniacozyma	Vishniacozyma	口腔真菌/genus_oral_fungi.xls
0.3	oral_fungi	口腔真菌属	Genus_OralFungi_Wallemia	Wallemia	口腔真菌/genus_oral_fungi.xls
0.3	oral_fungi	口腔真菌属	Genus_OralFungi_Wallemiaceae_gen_Incertae_sedis	Wallemiaceae_gen_Incertae_sedis	口腔真菌/genus_oral_fungi.xls
0.3	oral_fungi	口腔真菌属	Genus_OralFungi_Wickerhamiella	Wickerhamiella	口腔真菌/genus_oral_fungi.xls
0.3	oral_fungi	口腔真菌属	Genus_OralFungi_Wickerhamomyces	Wickerhamomyces	口腔真菌/genus_oral_fungi.xls
0.3	oral_fungi	口腔真菌属	Genus_OralFungi_Wojnowiciella	Wojnowiciella	口腔真菌/genus_oral_fungi.xls
0.3	oral_fungi	口腔真菌属	Genus_OralFungi_Xeromyces	Xeromyces	口腔真菌/genus_oral_fungi.xls
0.3	oral_fungi	口腔真菌属	Genus_OralFungi_Yamadazyma	Yamadazyma	口腔真菌/genus_oral_fungi.xls
0.3	oral_fungi	口腔真菌属	Genus_OralFungi_Yarrowia	Yarrowia	口腔真菌/genus_oral_fungi.xls
0.3	oral_fungi	口腔真菌属	Genus_OralFungi_Zygosaccharomyces	Zygosaccharomyces	口腔真菌/genus_oral_fungi.xls
0.4	gut_bacteria	肠道细菌属	Genus_GutBacteria_Absiella	Absiella	肠道细菌/genus_gut_bacteria.xls
0.4	gut_bacteria	肠道细菌属	Genus_GutBacteria_Acidaminococcus	Acidaminococcus	肠道细菌/genus_gut_bacteria.xls
0.4	gut_bacteria	肠道细菌属	Genus_GutBacteria_Acinetobacter	Acinetobacter	肠道细菌/genus_gut_bacteria.xls
0.4	gut_bacteria	肠道细菌属	Genus_GutBacteria_Acutalibacter	Acutalibacter	肠道细菌/genus_gut_bacteria.xls
0.4	gut_bacteria	肠道细菌属	Genus_GutBacteria_Adlercreutzia	Adlercreutzia	肠道细菌/genus_gut_bacteria.xls
0.4	gut_bacteria	肠道细菌属	Genus_GutBacteria_Agathobacter	Agathobacter	肠道细菌/genus_gut_bacteria.xls
0.4	gut_bacteria	肠道细菌属	Genus_GutBacteria_Agathobaculum	Agathobaculum	肠道细菌/genus_gut_bacteria.xls
0.4	gut_bacteria	肠道细菌属	Genus_GutBacteria_Aggregatibacter	Aggregatibacter	肠道细菌/genus_gut_bacteria.xls
0.4	gut_bacteria	肠道细菌属	Genus_GutBacteria_Akkermansia	Akkermansia	肠道细菌/genus_gut_bacteria.xls
0.4	gut_bacteria	肠道细菌属	Genus_GutBacteria_Alistipes	Alistipes	肠道细菌/genus_gut_bacteria.xls
0.4	gut_bacteria	肠道细菌属	Genus_GutBacteria_Allisonella	Allisonella	肠道细菌/genus_gut_bacteria.xls
0.4	gut_bacteria	肠道细菌属	Genus_GutBacteria_Alloscardovia	Alloscardovia	肠道细菌/genus_gut_bacteria.xls
0.4	gut_bacteria	肠道细菌属	Genus_GutBacteria_Anaerobutyricum	Anaerobutyricum	肠道细菌/genus_gut_bacteria.xls
0.4	gut_bacteria	肠道细菌属	Genus_GutBacteria_Anaerofustis	Anaerofustis	肠道细菌/genus_gut_bacteria.xls
0.4	gut_bacteria	肠道细菌属	Genus_GutBacteria_Anaerostipes	Anaerostipes	肠道细菌/genus_gut_bacteria.xls
0.4	gut_bacteria	肠道细菌属	Genus_GutBacteria_Anaerotignum	Anaerotignum	肠道细菌/genus_gut_bacteria.xls
0.4	gut_bacteria	肠道细菌属	Genus_GutBacteria_Anaerotruncus	Anaerotruncus	肠道细菌/genus_gut_bacteria.xls
0.4	gut_bacteria	肠道细菌属	Genus_GutBacteria_Anaerovoracaceae_Family_XIII_AD3011_group	Anaerovoracaceae_Family_XIII_AD3011_group	肠道细菌/genus_gut_bacteria.xls
0.4	gut_bacteria	肠道细菌属	Genus_GutBacteria_Anaerovoracaceae_Family_XIII_UCG_001	Anaerovoracaceae_Family_XIII_UCG-001	肠道细菌/genus_gut_bacteria.xls
0.4	gut_bacteria	肠道细菌属	Genus_GutBacteria_Anaerovoracaceae_Incertae_Sedis	Anaerovoracaceae_Incertae_Sedis	肠道细菌/genus_gut_bacteria.xls
0.4	gut_bacteria	肠道细菌属	Genus_GutBacteria_Bacilli_RF39_Incertae_Sedis	Bacilli_RF39_Incertae_Sedis	肠道细菌/genus_gut_bacteria.xls
0.4	gut_bacteria	肠道细菌属	Genus_GutBacteria_Bacteroidales_Incertae_Sedis	Bacteroidales_Incertae_Sedis	肠道细菌/genus_gut_bacteria.xls
0.4	gut_bacteria	肠道细菌属	Genus_GutBacteria_Bacteroides	Bacteroides	肠道细菌/genus_gut_bacteria.xls
0.4	gut_bacteria	肠道细菌属	Genus_GutBacteria_Barnesiella	Barnesiella	肠道细菌/genus_gut_bacteria.xls
0.4	gut_bacteria	肠道细菌属	Genus_GutBacteria_Bifidobacterium	Bifidobacterium	肠道细菌/genus_gut_bacteria.xls
0.4	gut_bacteria	肠道细菌属	Genus_GutBacteria_Bilophila	Bilophila	肠道细菌/genus_gut_bacteria.xls
0.4	gut_bacteria	肠道细菌属	Genus_GutBacteria_Blautia	Blautia	肠道细菌/genus_gut_bacteria.xls
0.4	gut_bacteria	肠道细菌属	Genus_GutBacteria_Butyribacter	Butyribacter	肠道细菌/genus_gut_bacteria.xls
0.4	gut_bacteria	肠道细菌属	Genus_GutBacteria_Butyricicoccaceae_UCG_009	Butyricicoccaceae_UCG-009	肠道细菌/genus_gut_bacteria.xls
0.4	gut_bacteria	肠道细菌属	Genus_GutBacteria_Butyricicoccus	Butyricicoccus	肠道细菌/genus_gut_bacteria.xls
0.4	gut_bacteria	肠道细菌属	Genus_GutBacteria_Butyricimonas	Butyricimonas	肠道细菌/genus_gut_bacteria.xls
0.4	gut_bacteria	肠道细菌属	Genus_GutBacteria_Butyrivibrio	Butyrivibrio	肠道细菌/genus_gut_bacteria.xls
0.4	gut_bacteria	肠道细菌属	Genus_GutBacteria_Candidatus_Saccharimonas	Candidatus_Saccharimonas	肠道细菌/genus_gut_bacteria.xls
0.4	gut_bacteria	肠道细菌属	Genus_GutBacteria_Candidatus_Soleaferrea	Candidatus_Soleaferrea	肠道细菌/genus_gut_bacteria.xls
0.4	gut_bacteria	肠道细菌属	Genus_GutBacteria_Catenibacterium	Catenibacterium	肠道细菌/genus_gut_bacteria.xls
0.4	gut_bacteria	肠道细菌属	Genus_GutBacteria_Christensenella	Christensenella	肠道细菌/genus_gut_bacteria.xls
0.4	gut_bacteria	肠道细菌属	Genus_GutBacteria_Christensenellaceae_Incertae_Sedis	Christensenellaceae_Incertae_Sedis	肠道细菌/genus_gut_bacteria.xls
0.4	gut_bacteria	肠道细菌属	Genus_GutBacteria_Christensenellaceae_R_7_group	Christensenellaceae_R-7_group	肠道细菌/genus_gut_bacteria.xls
0.4	gut_bacteria	肠道细菌属	Genus_GutBacteria_Citrobacter	Citrobacter	肠道细菌/genus_gut_bacteria.xls
0.4	gut_bacteria	肠道细菌属	Genus_GutBacteria_Cloacibacillus	Cloacibacillus	肠道细菌/genus_gut_bacteria.xls
0.4	gut_bacteria	肠道细菌属	Genus_GutBacteria_Clostridia_UCG_014_Incertae_Sedis	Clostridia_UCG-014_Incertae_Sedis	肠道细菌/genus_gut_bacteria.xls
0.4	gut_bacteria	肠道细菌属	Genus_GutBacteria_Clostridia_unclassified	Clostridia_unclassified	肠道细菌/genus_gut_bacteria.xls
0.4	gut_bacteria	肠道细菌属	Genus_GutBacteria_Clostridia_vadinBB60_group_Incertae_Sedis	Clostridia_vadinBB60_group_Incertae_Sedis	肠道细菌/genus_gut_bacteria.xls
0.4	gut_bacteria	肠道细菌属	Genus_GutBacteria_Clostridioides	Clostridioides	肠道细菌/genus_gut_bacteria.xls
0.4	gut_bacteria	肠道细菌属	Genus_GutBacteria_Clostridium	Clostridium	肠道细菌/genus_gut_bacteria.xls
0.4	gut_bacteria	肠道细菌属	Genus_GutBacteria_Colidextribacter	Colidextribacter	肠道细菌/genus_gut_bacteria.xls
0.4	gut_bacteria	肠道细菌属	Genus_GutBacteria_Collinsella	Collinsella	肠道细菌/genus_gut_bacteria.xls
0.4	gut_bacteria	肠道细菌属	Genus_GutBacteria_Coprobacillus	Coprobacillus	肠道细菌/genus_gut_bacteria.xls
0.4	gut_bacteria	肠道细菌属	Genus_GutBacteria_Coprobacter	Coprobacter	肠道细菌/genus_gut_bacteria.xls
0.4	gut_bacteria	肠道细菌属	Genus_GutBacteria_Coprococcus	Coprococcus	肠道细菌/genus_gut_bacteria.xls
0.4	gut_bacteria	肠道细菌属	Genus_GutBacteria_Coriobacteriales_Incertae_Sedis	Coriobacteriales_Incertae_Sedis	肠道细菌/genus_gut_bacteria.xls
0.4	gut_bacteria	肠道细菌属	Genus_GutBacteria_Corynebacterium	Corynebacterium	肠道细菌/genus_gut_bacteria.xls
0.4	gut_bacteria	肠道细菌属	Genus_GutBacteria_Defluviitaleaceae_UCG_011	Defluviitaleaceae_UCG-011	肠道细菌/genus_gut_bacteria.xls
0.4	gut_bacteria	肠道细菌属	Genus_GutBacteria_Desulfovibrio	Desulfovibrio	肠道细菌/genus_gut_bacteria.xls
0.4	gut_bacteria	肠道细菌属	Genus_GutBacteria_Desulfovibrionaceae_Incertae_Sedis	Desulfovibrionaceae_Incertae_Sedis	肠道细菌/genus_gut_bacteria.xls
0.4	gut_bacteria	肠道细菌属	Genus_GutBacteria_Dialister	Dialister	肠道细菌/genus_gut_bacteria.xls
0.4	gut_bacteria	肠道细菌属	Genus_GutBacteria_Dorea	Dorea	肠道细菌/genus_gut_bacteria.xls
0.4	gut_bacteria	肠道细菌属	Genus_GutBacteria_Eggerthella	Eggerthella	肠道细菌/genus_gut_bacteria.xls
0.4	gut_bacteria	肠道细菌属	Genus_GutBacteria_Eggerthellaceae_Incertae_Sedis	Eggerthellaceae_Incertae_Sedis	肠道细菌/genus_gut_bacteria.xls
0.4	gut_bacteria	肠道细菌属	Genus_GutBacteria_Eisenbergiella	Eisenbergiella	肠道细菌/genus_gut_bacteria.xls
0.4	gut_bacteria	肠道细菌属	Genus_GutBacteria_Enhydrobacter	Enhydrobacter	肠道细菌/genus_gut_bacteria.xls
0.4	gut_bacteria	肠道细菌属	Genus_GutBacteria_Enorma	Enorma	肠道细菌/genus_gut_bacteria.xls
0.4	gut_bacteria	肠道细菌属	Genus_GutBacteria_Enterobacter	Enterobacter	肠道细菌/genus_gut_bacteria.xls
0.4	gut_bacteria	肠道细菌属	Genus_GutBacteria_Enterobacteriaceae_unclassified	Enterobacteriaceae_unclassified	肠道细菌/genus_gut_bacteria.xls
0.4	gut_bacteria	肠道细菌属	Genus_GutBacteria_Enterocloster	Enterocloster	肠道细菌/genus_gut_bacteria.xls
0.4	gut_bacteria	肠道细菌属	Genus_GutBacteria_Enterococcus	Enterococcus	肠道细菌/genus_gut_bacteria.xls
0.4	gut_bacteria	肠道细菌属	Genus_GutBacteria_Erysipelotrichaceae_UCG_003	Erysipelotrichaceae_UCG-003	肠道细菌/genus_gut_bacteria.xls
0.4	gut_bacteria	肠道细菌属	Genus_GutBacteria_Erysipelotrichaceae_unclassified	Erysipelotrichaceae_unclassified	肠道细菌/genus_gut_bacteria.xls
0.4	gut_bacteria	肠道细菌属	Genus_GutBacteria_Escherichia_Shigella	Escherichia-Shigella	肠道细菌/genus_gut_bacteria.xls
0.4	gut_bacteria	肠道细菌属	Genus_GutBacteria_Eubacterium	Eubacterium	肠道细菌/genus_gut_bacteria.xls
0.4	gut_bacteria	肠道细菌属	Genus_GutBacteria_Extibacter	Extibacter	肠道细菌/genus_gut_bacteria.xls
0.4	gut_bacteria	肠道细菌属	Genus_GutBacteria_Ezakiella	Ezakiella	肠道细菌/genus_gut_bacteria.xls
0.4	gut_bacteria	肠道细菌属	Genus_GutBacteria_Faecalibacterium	Faecalibacterium	肠道细菌/genus_gut_bacteria.xls
0.4	gut_bacteria	肠道细菌属	Genus_GutBacteria_Faecalicatena	Faecalicatena	肠道细菌/genus_gut_bacteria.xls
0.4	gut_bacteria	肠道细菌属	Genus_GutBacteria_Faecalimonas	Faecalimonas	肠道细菌/genus_gut_bacteria.xls
0.4	gut_bacteria	肠道细菌属	Genus_GutBacteria_Faecalitalea	Faecalitalea	肠道细菌/genus_gut_bacteria.xls
0.4	gut_bacteria	肠道细菌属	Genus_GutBacteria_Fenollaria	Fenollaria	肠道细菌/genus_gut_bacteria.xls
0.4	gut_bacteria	肠道细菌属	Genus_GutBacteria_Flavonifractor	Flavonifractor	肠道细菌/genus_gut_bacteria.xls
0.4	gut_bacteria	肠道细菌属	Genus_GutBacteria_Fournierella	Fournierella	肠道细菌/genus_gut_bacteria.xls
0.4	gut_bacteria	肠道细菌属	Genus_GutBacteria_Fusicatenibacter	Fusicatenibacter	肠道细菌/genus_gut_bacteria.xls
0.4	gut_bacteria	肠道细菌属	Genus_GutBacteria_Fusobacterium	Fusobacterium	肠道细菌/genus_gut_bacteria.xls
0.4	gut_bacteria	肠道细菌属	Genus_GutBacteria_Gastranaerophilaceae_Zag	Gastranaerophilaceae_Zag	肠道细菌/genus_gut_bacteria.xls
0.4	gut_bacteria	肠道细菌属	Genus_GutBacteria_Gemella	Gemella	肠道细菌/genus_gut_bacteria.xls
0.4	gut_bacteria	肠道细菌属	Genus_GutBacteria_Gemmiger	Gemmiger	肠道细菌/genus_gut_bacteria.xls
0.4	gut_bacteria	肠道细菌属	Genus_GutBacteria_Gordonibacter	Gordonibacter	肠道细菌/genus_gut_bacteria.xls
0.4	gut_bacteria	肠道细菌属	Genus_GutBacteria_Granulicatella	Granulicatella	肠道细菌/genus_gut_bacteria.xls
0.4	gut_bacteria	肠道细菌属	Genus_GutBacteria_Haemophilus	Haemophilus	肠道细菌/genus_gut_bacteria.xls
0.4	gut_bacteria	肠道细菌属	Genus_GutBacteria_Holdemanella	Holdemanella	肠道细菌/genus_gut_bacteria.xls
0.4	gut_bacteria	肠道细菌属	Genus_GutBacteria_Holdemania	Holdemania	肠道细菌/genus_gut_bacteria.xls
0.4	gut_bacteria	肠道细菌属	Genus_GutBacteria_Howardella	Howardella	肠道细菌/genus_gut_bacteria.xls
0.4	gut_bacteria	肠道细菌属	Genus_GutBacteria_Hungatella	Hungatella	肠道细菌/genus_gut_bacteria.xls
0.4	gut_bacteria	肠道细菌属	Genus_GutBacteria_Hydrogenoanaerobacterium	Hydrogenoanaerobacterium	肠道细菌/genus_gut_bacteria.xls
0.4	gut_bacteria	肠道细菌属	Genus_GutBacteria_Intestinibacter	Intestinibacter	肠道细菌/genus_gut_bacteria.xls
0.4	gut_bacteria	肠道细菌属	Genus_GutBacteria_Intestinimonas	Intestinimonas	肠道细菌/genus_gut_bacteria.xls
0.4	gut_bacteria	肠道细菌属	Genus_GutBacteria_Klebsiella	Klebsiella	肠道细菌/genus_gut_bacteria.xls
0.4	gut_bacteria	肠道细菌属	Genus_GutBacteria_Lachnoanaerobaculum	Lachnoanaerobaculum	肠道细菌/genus_gut_bacteria.xls
0.4	gut_bacteria	肠道细菌属	Genus_GutBacteria_Lachnoclostridium	Lachnoclostridium	肠道细菌/genus_gut_bacteria.xls
0.4	gut_bacteria	肠道细菌属	Genus_GutBacteria_Lachnospira	Lachnospira	肠道细菌/genus_gut_bacteria.xls
0.4	gut_bacteria	肠道细菌属	Genus_GutBacteria_Lachnospiraceae_CAG_56	Lachnospiraceae_CAG-56	肠道细菌/genus_gut_bacteria.xls
0.4	gut_bacteria	肠道细菌属	Genus_GutBacteria_Lachnospiraceae_FCS020_group	Lachnospiraceae_FCS020_group	肠道细菌/genus_gut_bacteria.xls
0.4	gut_bacteria	肠道细菌属	Genus_GutBacteria_Lachnospiraceae_GCA_900066575	Lachnospiraceae_GCA-900066575	肠道细菌/genus_gut_bacteria.xls
0.4	gut_bacteria	肠道细菌属	Genus_GutBacteria_Lachnospiraceae_Incertae_Sedis	Lachnospiraceae_Incertae_Sedis	肠道细菌/genus_gut_bacteria.xls
0.4	gut_bacteria	肠道细菌属	Genus_GutBacteria_Lachnospiraceae_ND3007_group	Lachnospiraceae_ND3007_group	肠道细菌/genus_gut_bacteria.xls
0.4	gut_bacteria	肠道细菌属	Genus_GutBacteria_Lachnospiraceae_NK4A136_group	Lachnospiraceae_NK4A136_group	肠道细菌/genus_gut_bacteria.xls
0.4	gut_bacteria	肠道细菌属	Genus_GutBacteria_Lachnospiraceae_UCG_004	Lachnospiraceae_UCG-004	肠道细菌/genus_gut_bacteria.xls
0.4	gut_bacteria	肠道细菌属	Genus_GutBacteria_Lachnospiraceae_UCG_008	Lachnospiraceae_UCG-008	肠道细菌/genus_gut_bacteria.xls
0.4	gut_bacteria	肠道细菌属	Genus_GutBacteria_Lachnospiraceae_UCG_010	Lachnospiraceae_UCG-010	肠道细菌/genus_gut_bacteria.xls
0.4	gut_bacteria	肠道细菌属	Genus_GutBacteria_Lachnospiraceae_unclassified	Lachnospiraceae_unclassified	肠道细菌/genus_gut_bacteria.xls
0.4	gut_bacteria	肠道细菌属	Genus_GutBacteria_Lactiplantibacillus	Lactiplantibacillus	肠道细菌/genus_gut_bacteria.xls
0.4	gut_bacteria	肠道细菌属	Genus_GutBacteria_Lactobacillus	Lactobacillus	肠道细菌/genus_gut_bacteria.xls
0.4	gut_bacteria	肠道细菌属	Genus_GutBacteria_Lactococcus	Lactococcus	肠道细菌/genus_gut_bacteria.xls
0.4	gut_bacteria	肠道细菌属	Genus_GutBacteria_Lactonifactor	Lactonifactor	肠道细菌/genus_gut_bacteria.xls
0.4	gut_bacteria	肠道细菌属	Genus_GutBacteria_Lancefieldella	Lancefieldella	肠道细菌/genus_gut_bacteria.xls
0.4	gut_bacteria	肠道细菌属	Genus_GutBacteria_Leptotrichia	Leptotrichia	肠道细菌/genus_gut_bacteria.xls
0.4	gut_bacteria	肠道细菌属	Genus_GutBacteria_Leuconostoc	Leuconostoc	肠道细菌/genus_gut_bacteria.xls
0.4	gut_bacteria	肠道细菌属	Genus_GutBacteria_Leyella	Leyella	肠道细菌/genus_gut_bacteria.xls
0.4	gut_bacteria	肠道细菌属	Genus_GutBacteria_Ligilactobacillus	Ligilactobacillus	肠道细菌/genus_gut_bacteria.xls
0.4	gut_bacteria	肠道细菌属	Genus_GutBacteria_Limosilactobacillus	Limosilactobacillus	肠道细菌/genus_gut_bacteria.xls
0.4	gut_bacteria	肠道细菌属	Genus_GutBacteria_Marvinbryantia	Marvinbryantia	肠道细菌/genus_gut_bacteria.xls
0.4	gut_bacteria	肠道细菌属	Genus_GutBacteria_Massiliprevotella	Massiliprevotella	肠道细菌/genus_gut_bacteria.xls
0.4	gut_bacteria	肠道细菌属	Genus_GutBacteria_Mediterraneibacter	Mediterraneibacter	肠道细菌/genus_gut_bacteria.xls
0.4	gut_bacteria	肠道细菌属	Genus_GutBacteria_Megamonas	Megamonas	肠道细菌/genus_gut_bacteria.xls
0.4	gut_bacteria	肠道细菌属	Genus_GutBacteria_Megasphaera	Megasphaera	肠道细菌/genus_gut_bacteria.xls
0.4	gut_bacteria	肠道细菌属	Genus_GutBacteria_Mitsuokella	Mitsuokella	肠道细菌/genus_gut_bacteria.xls
0.4	gut_bacteria	肠道细菌属	Genus_GutBacteria_Monoglobus	Monoglobus	肠道细菌/genus_gut_bacteria.xls
0.4	gut_bacteria	肠道细菌属	Genus_GutBacteria_Moryella	Moryella	肠道细菌/genus_gut_bacteria.xls
0.4	gut_bacteria	肠道细菌属	Genus_GutBacteria_Muribaculaceae_Incertae_Sedis	Muribaculaceae_Incertae_Sedis	肠道细菌/genus_gut_bacteria.xls
0.4	gut_bacteria	肠道细菌属	Genus_GutBacteria_Negativibacillus	Negativibacillus	肠道细菌/genus_gut_bacteria.xls
0.4	gut_bacteria	肠道细菌属	Genus_GutBacteria_Neisseria	Neisseria	肠道细菌/genus_gut_bacteria.xls
0.4	gut_bacteria	肠道细菌属	Genus_GutBacteria_Odoribacter	Odoribacter	肠道细菌/genus_gut_bacteria.xls
0.4	gut_bacteria	肠道细菌属	Genus_GutBacteria_Oribacterium	Oribacterium	肠道细菌/genus_gut_bacteria.xls
0.4	gut_bacteria	肠道细菌属	Genus_GutBacteria_Oscillibacter	Oscillibacter	肠道细菌/genus_gut_bacteria.xls
0.4	gut_bacteria	肠道细菌属	Genus_GutBacteria_Oscillospira	Oscillospira	肠道细菌/genus_gut_bacteria.xls
0.4	gut_bacteria	肠道细菌属	Genus_GutBacteria_Oscillospiraceae_Incertae_Sedis	Oscillospiraceae_Incertae_Sedis	肠道细菌/genus_gut_bacteria.xls
0.4	gut_bacteria	肠道细菌属	Genus_GutBacteria_Oscillospiraceae_NK4A214_group	Oscillospiraceae_NK4A214_group	肠道细菌/genus_gut_bacteria.xls
0.4	gut_bacteria	肠道细菌属	Genus_GutBacteria_Oscillospiraceae_UCG_002	Oscillospiraceae_UCG-002	肠道细菌/genus_gut_bacteria.xls
0.4	gut_bacteria	肠道细菌属	Genus_GutBacteria_Oscillospiraceae_UCG_003	Oscillospiraceae_UCG-003	肠道细菌/genus_gut_bacteria.xls
0.4	gut_bacteria	肠道细菌属	Genus_GutBacteria_Oscillospiraceae_UCG_005	Oscillospiraceae_UCG-005	肠道细菌/genus_gut_bacteria.xls
0.4	gut_bacteria	肠道细菌属	Genus_GutBacteria_Oscillospiraceae_unclassified	Oscillospiraceae_unclassified	肠道细菌/genus_gut_bacteria.xls
0.4	gut_bacteria	肠道细菌属	Genus_GutBacteria_Oscillospirales_Incertae_Sedis	Oscillospirales_Incertae_Sedis	肠道细菌/genus_gut_bacteria.xls
0.4	gut_bacteria	肠道细菌属	Genus_GutBacteria_Oscillospirales_UCG_010_Incertae_Sedis	Oscillospirales_UCG-010_Incertae_Sedis	肠道细菌/genus_gut_bacteria.xls
0.4	gut_bacteria	肠道细菌属	Genus_GutBacteria_Oscillospirales_UCG_011_Incertae_Sedis	Oscillospirales_UCG-011_Incertae_Sedis	肠道细菌/genus_gut_bacteria.xls
0.4	gut_bacteria	肠道细菌属	Genus_GutBacteria_Oxalobacter	Oxalobacter	肠道细菌/genus_gut_bacteria.xls
0.4	gut_bacteria	肠道细菌属	Genus_GutBacteria_Paludicola	Paludicola	肠道细菌/genus_gut_bacteria.xls
0.4	gut_bacteria	肠道细菌属	Genus_GutBacteria_Parabacteroides	Parabacteroides	肠道细菌/genus_gut_bacteria.xls
0.4	gut_bacteria	肠道细菌属	Genus_GutBacteria_Paraprevotella	Paraprevotella	肠道细菌/genus_gut_bacteria.xls
0.4	gut_bacteria	肠道细菌属	Genus_GutBacteria_Parasutterella	Parasutterella	肠道细菌/genus_gut_bacteria.xls
0.4	gut_bacteria	肠道细菌属	Genus_GutBacteria_Parvimonas	Parvimonas	肠道细菌/genus_gut_bacteria.xls
0.4	gut_bacteria	肠道细菌属	Genus_GutBacteria_Peptococcaceae_Incertae_Sedis	Peptococcaceae_Incertae_Sedis	肠道细菌/genus_gut_bacteria.xls
0.4	gut_bacteria	肠道细菌属	Genus_GutBacteria_Peptococcus	Peptococcus	肠道细菌/genus_gut_bacteria.xls
0.4	gut_bacteria	肠道细菌属	Genus_GutBacteria_Peptostreptococcus	Peptostreptococcus	肠道细菌/genus_gut_bacteria.xls
0.4	gut_bacteria	肠道细菌属	Genus_GutBacteria_Phascolarctobacterium	Phascolarctobacterium	肠道细菌/genus_gut_bacteria.xls
0.4	gut_bacteria	肠道细菌属	Genus_GutBacteria_Phocea	Phocea	肠道细菌/genus_gut_bacteria.xls
0.4	gut_bacteria	肠道细菌属	Genus_GutBacteria_Porphyromonas	Porphyromonas	肠道细菌/genus_gut_bacteria.xls
0.4	gut_bacteria	肠道细菌属	Genus_GutBacteria_Prevotella	Prevotella	肠道细菌/genus_gut_bacteria.xls
0.4	gut_bacteria	肠道细菌属	Genus_GutBacteria_Prevotellaceae_Incertae_Sedis	Prevotellaceae_Incertae_Sedis	肠道细菌/genus_gut_bacteria.xls
0.4	gut_bacteria	肠道细菌属	Genus_GutBacteria_Prevotellaceae_NK3B31_group	Prevotellaceae_NK3B31_group	肠道细菌/genus_gut_bacteria.xls
0.4	gut_bacteria	肠道细菌属	Genus_GutBacteria_Prevotellaceae_UCG_001	Prevotellaceae_UCG-001	肠道细菌/genus_gut_bacteria.xls
0.4	gut_bacteria	肠道细菌属	Genus_GutBacteria_Pyramidobacter	Pyramidobacter	肠道细菌/genus_gut_bacteria.xls
0.4	gut_bacteria	肠道细菌属	Genus_GutBacteria_Raoultella	Raoultella	肠道细菌/genus_gut_bacteria.xls
0.4	gut_bacteria	肠道细菌属	Genus_GutBacteria_Raoultibacter	Raoultibacter	肠道细菌/genus_gut_bacteria.xls
0.4	gut_bacteria	肠道细菌属	Genus_GutBacteria_Rhodospirillales_Incertae_Sedis	Rhodospirillales_Incertae_Sedis	肠道细菌/genus_gut_bacteria.xls
0.4	gut_bacteria	肠道细菌属	Genus_GutBacteria_Rikenella	Rikenella	肠道细菌/genus_gut_bacteria.xls
0.4	gut_bacteria	肠道细菌属	Genus_GutBacteria_Rikenellaceae_RC9_gut_group	Rikenellaceae_RC9_gut_group	肠道细菌/genus_gut_bacteria.xls
0.4	gut_bacteria	肠道细菌属	Genus_GutBacteria_Romboutsia	Romboutsia	肠道细菌/genus_gut_bacteria.xls
0.4	gut_bacteria	肠道细菌属	Genus_GutBacteria_Roseburia	Roseburia	肠道细菌/genus_gut_bacteria.xls
0.4	gut_bacteria	肠道细菌属	Genus_GutBacteria_Rothia	Rothia	肠道细菌/genus_gut_bacteria.xls
0.4	gut_bacteria	肠道细菌属	Genus_GutBacteria_Ruminiclostridium	Ruminiclostridium	肠道细菌/genus_gut_bacteria.xls
0.4	gut_bacteria	肠道细菌属	Genus_GutBacteria_Ruminococcaceae_CAG_352	Ruminococcaceae_CAG-352	肠道细菌/genus_gut_bacteria.xls
0.4	gut_bacteria	肠道细菌属	Genus_GutBacteria_Ruminococcaceae_DTU089	Ruminococcaceae_DTU089	肠道细菌/genus_gut_bacteria.xls
0.4	gut_bacteria	肠道细菌属	Genus_GutBacteria_Ruminococcaceae_Incertae_Sedis	Ruminococcaceae_Incertae_Sedis	肠道细菌/genus_gut_bacteria.xls
0.4	gut_bacteria	肠道细菌属	Genus_GutBacteria_Ruminococcaceae_unclassified	Ruminococcaceae_unclassified	肠道细菌/genus_gut_bacteria.xls
0.4	gut_bacteria	肠道细菌属	Genus_GutBacteria_Ruminococcus	Ruminococcus	肠道细菌/genus_gut_bacteria.xls
0.4	gut_bacteria	肠道细菌属	Genus_GutBacteria_Ruthenibacterium	Ruthenibacterium	肠道细菌/genus_gut_bacteria.xls
0.4	gut_bacteria	肠道细菌属	Genus_GutBacteria_Saccharimonadaceae_Incertae_Sedis	Saccharimonadaceae_Incertae_Sedis	肠道细菌/genus_gut_bacteria.xls
0.4	gut_bacteria	肠道细菌属	Genus_GutBacteria_Saccharimonadaceae_TM7x	Saccharimonadaceae_TM7x	肠道细菌/genus_gut_bacteria.xls
0.4	gut_bacteria	肠道细菌属	Genus_GutBacteria_Scardovia	Scardovia	肠道细菌/genus_gut_bacteria.xls
0.4	gut_bacteria	肠道细菌属	Genus_GutBacteria_Schaalia	Schaalia	肠道细菌/genus_gut_bacteria.xls
0.4	gut_bacteria	肠道细菌属	Genus_GutBacteria_Segatella	Segatella	肠道细菌/genus_gut_bacteria.xls
0.4	gut_bacteria	肠道细菌属	Genus_GutBacteria_Selenomonadaceae_Incertae_Sedis	Selenomonadaceae_Incertae_Sedis	肠道细菌/genus_gut_bacteria.xls
0.4	gut_bacteria	肠道细菌属	Genus_GutBacteria_Sellimonas	Sellimonas	肠道细菌/genus_gut_bacteria.xls
0.4	gut_bacteria	肠道细菌属	Genus_GutBacteria_Senegalimassilia	Senegalimassilia	肠道细菌/genus_gut_bacteria.xls
0.4	gut_bacteria	肠道细菌属	Genus_GutBacteria_Slackia	Slackia	肠道细菌/genus_gut_bacteria.xls
0.4	gut_bacteria	肠道细菌属	Genus_GutBacteria_Solobacterium	Solobacterium	肠道细菌/genus_gut_bacteria.xls
0.4	gut_bacteria	肠道细菌属	Genus_GutBacteria_Streptococcus	Streptococcus	肠道细菌/genus_gut_bacteria.xls
0.4	gut_bacteria	肠道细菌属	Genus_GutBacteria_Subdoligranulum	Subdoligranulum	肠道细菌/genus_gut_bacteria.xls
0.4	gut_bacteria	肠道细菌属	Genus_GutBacteria_Succinivibrio	Succinivibrio	肠道细菌/genus_gut_bacteria.xls
0.4	gut_bacteria	肠道细菌属	Genus_GutBacteria_Sutterella	Sutterella	肠道细菌/genus_gut_bacteria.xls
0.4	gut_bacteria	肠道细菌属	Genus_GutBacteria_Sutterellaceae_unclassified	Sutterellaceae_unclassified	肠道细菌/genus_gut_bacteria.xls
0.4	gut_bacteria	肠道细菌属	Genus_GutBacteria_Tannerellaceae_Incertae_Sedis	Tannerellaceae_Incertae_Sedis	肠道细菌/genus_gut_bacteria.xls
0.4	gut_bacteria	肠道细菌属	Genus_GutBacteria_Terrisporobacter	Terrisporobacter	肠道细菌/genus_gut_bacteria.xls
0.4	gut_bacteria	肠道细菌属	Genus_GutBacteria_Thomasclavelia	Thomasclavelia	肠道细菌/genus_gut_bacteria.xls
0.4	gut_bacteria	肠道细菌属	Genus_GutBacteria_Tractidigestivibacter	Tractidigestivibacter	肠道细菌/genus_gut_bacteria.xls
0.4	gut_bacteria	肠道细菌属	Genus_GutBacteria_Turicibacter	Turicibacter	肠道细菌/genus_gut_bacteria.xls
0.4	gut_bacteria	肠道细菌属	Genus_GutBacteria_Tyzzerella	Tyzzerella	肠道细菌/genus_gut_bacteria.xls
0.4	gut_bacteria	肠道细菌属	Genus_GutBacteria_Veillonella	Veillonella	肠道细菌/genus_gut_bacteria.xls
0.4	gut_bacteria	肠道细菌属	Genus_GutBacteria_Victivallis	Victivallis	肠道细菌/genus_gut_bacteria.xls
0.4	gut_bacteria	肠道细菌属	Genus_GutBacteria_Weissella	Weissella	肠道细菌/genus_gut_bacteria.xls
0.4	gut_bacteria	肠道细菌属	Genus_GutBacteria_Clostridium_innocuum_group	[Clostridium]_innocuum_group	肠道细菌/genus_gut_bacteria.xls
0.4	gut_bacteria	肠道细菌属	Genus_GutBacteria_Clostridium_methylpentosum_group	[Clostridium]_methylpentosum_group	肠道细菌/genus_gut_bacteria.xls
0.4	gut_bacteria	肠道细菌属	Genus_GutBacteria_Eubacterium_brachy_group	[Eubacterium]_brachy_group	肠道细菌/genus_gut_bacteria.xls
0.4	gut_bacteria	肠道细菌属	Genus_GutBacteria_Eubacterium_coprostanoligenes_group_Incertae_Sedis	[Eubacterium]_coprostanoligenes_group_Incertae_Sedis	肠道细菌/genus_gut_bacteria.xls
0.4	gut_bacteria	肠道细菌属	Genus_GutBacteria_Eubacterium_eligens_group	[Eubacterium]_eligens_group	肠道细菌/genus_gut_bacteria.xls
0.4	gut_bacteria	肠道细菌属	Genus_GutBacteria_Eubacterium_ruminantium_group	[Eubacterium]_ruminantium_group	肠道细菌/genus_gut_bacteria.xls
0.4	gut_bacteria	肠道细菌属	Genus_GutBacteria_Eubacterium_siraeum_group	[Eubacterium]_siraeum_group	肠道细菌/genus_gut_bacteria.xls
0.4	gut_bacteria	肠道细菌属	Genus_GutBacteria_Eubacterium_sulci_group	[Eubacterium]_sulci_group	肠道细菌/genus_gut_bacteria.xls
0.4	gut_bacteria	肠道细菌属	Genus_GutBacteria_Eubacterium_ventriosum_group	[Eubacterium]_ventriosum_group	肠道细菌/genus_gut_bacteria.xls
0.4	gut_bacteria	肠道细菌属	Genus_GutBacteria_Eubacterium_xylanophilum_group	[Eubacterium]_xylanophilum_group	肠道细菌/genus_gut_bacteria.xls
0.4	gut_bacteria	肠道细菌属	Genus_GutBacteria_Ruminococcus_gauvreauii_group	[Ruminococcus]_gauvreauii_group	肠道细菌/genus_gut_bacteria.xls
0.4	gut_bacteria	肠道细菌属	Genus_GutBacteria_Ruminococcus_gnavus_group	[Ruminococcus]_gnavus_group	肠道细菌/genus_gut_bacteria.xls
0.5	gut_fungi	肠道真菌属	Genus_GutFungi_Actinomucor	Actinomucor	肠道真菌/genus_gut_fungi.xls
0.5	gut_fungi	肠道真菌属	Genus_GutFungi_Agaricomycetes_gen_Incertae_sedis	Agaricomycetes_gen_Incertae_sedis	肠道真菌/genus_gut_fungi.xls
0.5	gut_fungi	肠道真菌属	Genus_GutFungi_Alternaria	Alternaria	肠道真菌/genus_gut_fungi.xls
0.5	gut_fungi	肠道真菌属	Genus_GutFungi_Apiosporaceae_gen_Incertae_sedis	Apiosporaceae_gen_Incertae_sedis	肠道真菌/genus_gut_fungi.xls
0.5	gut_fungi	肠道真菌属	Genus_GutFungi_Apiotrichum	Apiotrichum	肠道真菌/genus_gut_fungi.xls
0.5	gut_fungi	肠道真菌属	Genus_GutFungi_Ascomycota_gen_Incertae_sedis	Ascomycota_gen_Incertae_sedis	肠道真菌/genus_gut_fungi.xls
0.5	gut_fungi	肠道真菌属	Genus_GutFungi_Aspergillaceae_gen_Incertae_sedis	Aspergillaceae_gen_Incertae_sedis	肠道真菌/genus_gut_fungi.xls
0.5	gut_fungi	肠道真菌属	Genus_GutFungi_Aspergillus	Aspergillus	肠道真菌/genus_gut_fungi.xls
0.5	gut_fungi	肠道真菌属	Genus_GutFungi_Auricularia	Auricularia	肠道真菌/genus_gut_fungi.xls
0.5	gut_fungi	肠道真菌属	Genus_GutFungi_Bionectriaceae_gen_Incertae_sedis	Bionectriaceae_gen_Incertae_sedis	肠道真菌/genus_gut_fungi.xls
0.5	gut_fungi	肠道真菌属	Genus_GutFungi_Bipolaris	Bipolaris	肠道真菌/genus_gut_fungi.xls
0.5	gut_fungi	肠道真菌属	Genus_GutFungi_Bjerkandera	Bjerkandera	肠道真菌/genus_gut_fungi.xls
0.5	gut_fungi	肠道真菌属	Genus_GutFungi_Blumeria	Blumeria	肠道真菌/genus_gut_fungi.xls
0.5	gut_fungi	肠道真菌属	Genus_GutFungi_Botryosphaeria	Botryosphaeria	肠道真菌/genus_gut_fungi.xls
0.5	gut_fungi	肠道真菌属	Genus_GutFungi_Botrytis	Botrytis	肠道真菌/genus_gut_fungi.xls
0.5	gut_fungi	肠道真菌属	Genus_GutFungi_Bullera	Bullera	肠道真菌/genus_gut_fungi.xls
0.5	gut_fungi	肠道真菌属	Genus_GutFungi_Candida	Candida	肠道真菌/genus_gut_fungi.xls
0.5	gut_fungi	肠道真菌属	Genus_GutFungi_Ceratobasidium	Ceratobasidium	肠道真菌/genus_gut_fungi.xls
0.5	gut_fungi	肠道真菌属	Genus_GutFungi_Cercospora	Cercospora	肠道真菌/genus_gut_fungi.xls
0.5	gut_fungi	肠道真菌属	Genus_GutFungi_Chaetomiaceae_gen_Incertae_sedis	Chaetomiaceae_gen_Incertae_sedis	肠道真菌/genus_gut_fungi.xls
0.5	gut_fungi	肠道真菌属	Genus_GutFungi_Chaetomium	Chaetomium	肠道真菌/genus_gut_fungi.xls
0.5	gut_fungi	肠道真菌属	Genus_GutFungi_Chrysozymaceae_gen_Incertae_sedis	Chrysozymaceae_gen_Incertae_sedis	肠道真菌/genus_gut_fungi.xls
0.5	gut_fungi	肠道真菌属	Genus_GutFungi_Cladophialophora	Cladophialophora	肠道真菌/genus_gut_fungi.xls
0.5	gut_fungi	肠道真菌属	Genus_GutFungi_Cladosporium	Cladosporium	肠道真菌/genus_gut_fungi.xls
0.5	gut_fungi	肠道真菌属	Genus_GutFungi_Clavispora	Clavispora	肠道真菌/genus_gut_fungi.xls
0.5	gut_fungi	肠道真菌属	Genus_GutFungi_Cryptococcus	Cryptococcus	肠道真菌/genus_gut_fungi.xls
0.5	gut_fungi	肠道真菌属	Genus_GutFungi_Cryptomarasmius	Cryptomarasmius	肠道真菌/genus_gut_fungi.xls
0.5	gut_fungi	肠道真菌属	Genus_GutFungi_Cutaneotrichosporon	Cutaneotrichosporon	肠道真菌/genus_gut_fungi.xls
0.5	gut_fungi	肠道真菌属	Genus_GutFungi_Cyberlindnera	Cyberlindnera	肠道真菌/genus_gut_fungi.xls
0.5	gut_fungi	肠道真菌属	Genus_GutFungi_Cystobasidium	Cystobasidium	肠道真菌/genus_gut_fungi.xls
0.5	gut_fungi	肠道真菌属	Genus_GutFungi_Debaryomyces	Debaryomyces	肠道真菌/genus_gut_fungi.xls
0.5	gut_fungi	肠道真菌属	Genus_GutFungi_Debaryomycetaceae_gen_Incertae_sedis	Debaryomycetaceae_gen_Incertae_sedis	肠道真菌/genus_gut_fungi.xls
0.5	gut_fungi	肠道真菌属	Genus_GutFungi_Didymellaceae_gen_Incertae_sedis	Didymellaceae_gen_Incertae_sedis	肠道真菌/genus_gut_fungi.xls
0.5	gut_fungi	肠道真菌属	Genus_GutFungi_Dioszegia	Dioszegia	肠道真菌/genus_gut_fungi.xls
0.5	gut_fungi	肠道真菌属	Genus_GutFungi_Diplodia	Diplodia	肠道真菌/genus_gut_fungi.xls
0.5	gut_fungi	肠道真菌属	Genus_GutFungi_Dipodascaceae_gen_Incertae_sedis	Dipodascaceae_gen_Incertae_sedis	肠道真菌/genus_gut_fungi.xls
0.5	gut_fungi	肠道真菌属	Genus_GutFungi_Eremothecium	Eremothecium	肠道真菌/genus_gut_fungi.xls
0.5	gut_fungi	肠道真菌属	Genus_GutFungi_Exophiala	Exophiala	肠道真菌/genus_gut_fungi.xls
0.5	gut_fungi	肠道真菌属	Genus_GutFungi_Fungi_gen_Incertae_sedis	Fungi_gen_Incertae_sedis	肠道真菌/genus_gut_fungi.xls
0.5	gut_fungi	肠道真菌属	Genus_GutFungi_Fusarium	Fusarium	肠道真菌/genus_gut_fungi.xls
0.5	gut_fungi	肠道真菌属	Genus_GutFungi_Geotrichum	Geotrichum	肠道真菌/genus_gut_fungi.xls
0.5	gut_fungi	肠道真菌属	Genus_GutFungi_Golovinomyces	Golovinomyces	肠道真菌/genus_gut_fungi.xls
0.5	gut_fungi	肠道真菌属	Genus_GutFungi_Gomphillus	Gomphillus	肠道真菌/genus_gut_fungi.xls
0.5	gut_fungi	肠道真菌属	Genus_GutFungi_Hannaella	Hannaella	肠道真菌/genus_gut_fungi.xls
0.5	gut_fungi	肠道真菌属	Genus_GutFungi_Hanseniaspora	Hanseniaspora	肠道真菌/genus_gut_fungi.xls
0.5	gut_fungi	肠道真菌属	Genus_GutFungi_Herpotrichiellaceae_gen_Incertae_sedis	Herpotrichiellaceae_gen_Incertae_sedis	肠道真菌/genus_gut_fungi.xls
0.5	gut_fungi	肠道真菌属	Genus_GutFungi_Hyphopichia	Hyphopichia	肠道真菌/genus_gut_fungi.xls
0.5	gut_fungi	肠道真菌属	Genus_GutFungi_Hypsizygus	Hypsizygus	肠道真菌/genus_gut_fungi.xls
0.5	gut_fungi	肠道真菌属	Genus_GutFungi_Inopinatum	Inopinatum	肠道真菌/genus_gut_fungi.xls
0.5	gut_fungi	肠道真菌属	Genus_GutFungi_Irpex	Irpex	肠道真菌/genus_gut_fungi.xls
0.5	gut_fungi	肠道真菌属	Genus_GutFungi_Kazachstania	Kazachstania	肠道真菌/genus_gut_fungi.xls
0.5	gut_fungi	肠道真菌属	Genus_GutFungi_Kluyveromyces	Kluyveromyces	肠道真菌/genus_gut_fungi.xls
0.5	gut_fungi	肠道真菌属	Genus_GutFungi_Kodamaea	Kodamaea	肠道真菌/genus_gut_fungi.xls
0.5	gut_fungi	肠道真菌属	Genus_GutFungi_Komagataella	Komagataella	肠道真菌/genus_gut_fungi.xls
0.5	gut_fungi	肠道真菌属	Genus_GutFungi_Kurtzmaniella	Kurtzmaniella	肠道真菌/genus_gut_fungi.xls
0.5	gut_fungi	肠道真菌属	Genus_GutFungi_Lecanorales_gen_Incertae_sedis	Lecanorales_gen_Incertae_sedis	肠道真菌/genus_gut_fungi.xls
0.5	gut_fungi	肠道真菌属	Genus_GutFungi_Lecanoromycetes_gen_Incertae_sedis	Lecanoromycetes_gen_Incertae_sedis	肠道真菌/genus_gut_fungi.xls
0.5	gut_fungi	肠道真菌属	Genus_GutFungi_Lodderomyces	Lodderomyces	肠道真菌/genus_gut_fungi.xls
0.5	gut_fungi	肠道真菌属	Genus_GutFungi_Macrophomina	Macrophomina	肠道真菌/genus_gut_fungi.xls
0.5	gut_fungi	肠道真菌属	Genus_GutFungi_Malassezia	Malassezia	肠道真菌/genus_gut_fungi.xls
0.5	gut_fungi	肠道真菌属	Genus_GutFungi_Meyerozyma	Meyerozyma	肠道真菌/genus_gut_fungi.xls
0.5	gut_fungi	肠道真菌属	Genus_GutFungi_Millerozyma	Millerozyma	肠道真菌/genus_gut_fungi.xls
0.5	gut_fungi	肠道真菌属	Genus_GutFungi_Moesziomyces	Moesziomyces	肠道真菌/genus_gut_fungi.xls
0.5	gut_fungi	肠道真菌属	Genus_GutFungi_Mollisia	Mollisia	肠道真菌/genus_gut_fungi.xls
0.5	gut_fungi	肠道真菌属	Genus_GutFungi_Monascus	Monascus	肠道真菌/genus_gut_fungi.xls
0.5	gut_fungi	肠道真菌属	Genus_GutFungi_Moniliella	Moniliella	肠道真菌/genus_gut_fungi.xls
0.5	gut_fungi	肠道真菌属	Genus_GutFungi_Moniliellaceae_gen_Incertae_sedis	Moniliellaceae_gen_Incertae_sedis	肠道真菌/genus_gut_fungi.xls
0.5	gut_fungi	肠道真菌属	Genus_GutFungi_Mucor	Mucor	肠道真菌/genus_gut_fungi.xls
0.5	gut_fungi	肠道真菌属	Genus_GutFungi_Naganishia	Naganishia	肠道真菌/genus_gut_fungi.xls
0.5	gut_fungi	肠道真菌属	Genus_GutFungi_Nakaseomyces	Nakaseomyces	肠道真菌/genus_gut_fungi.xls
0.5	gut_fungi	肠道真菌属	Genus_GutFungi_Neopodoconis	Neopodoconis	肠道真菌/genus_gut_fungi.xls
0.5	gut_fungi	肠道真菌属	Genus_GutFungi_Novakomyces	Novakomyces	肠道真菌/genus_gut_fungi.xls
0.5	gut_fungi	肠道真菌属	Genus_GutFungi_Occultifur	Occultifur	肠道真菌/genus_gut_fungi.xls
0.5	gut_fungi	肠道真菌属	Genus_GutFungi_Onygenales_gen_Incertae_sedis	Onygenales_gen_Incertae_sedis	肠道真菌/genus_gut_fungi.xls
0.5	gut_fungi	肠道真菌属	Genus_GutFungi_Ophiostoma	Ophiostoma	肠道真菌/genus_gut_fungi.xls
0.5	gut_fungi	肠道真菌属	Genus_GutFungi_Papiliotrema	Papiliotrema	肠道真菌/genus_gut_fungi.xls
0.5	gut_fungi	肠道真菌属	Genus_GutFungi_Paraxerochrysium	Paraxerochrysium	肠道真菌/genus_gut_fungi.xls
0.5	gut_fungi	肠道真菌属	Genus_GutFungi_Penicillium	Penicillium	肠道真菌/genus_gut_fungi.xls
0.5	gut_fungi	肠道真菌属	Genus_GutFungi_Phaeosclera	Phaeosclera	肠道真菌/genus_gut_fungi.xls
0.5	gut_fungi	肠道真菌属	Genus_GutFungi_Pichia	Pichia	肠道真菌/genus_gut_fungi.xls
0.5	gut_fungi	肠道真菌属	Genus_GutFungi_Pleosporales_gen_Incertae_sedis	Pleosporales_gen_Incertae_sedis	肠道真菌/genus_gut_fungi.xls
0.5	gut_fungi	肠道真菌属	Genus_GutFungi_Pleurotus	Pleurotus	肠道真菌/genus_gut_fungi.xls
0.5	gut_fungi	肠道真菌属	Genus_GutFungi_Preussia	Preussia	肠道真菌/genus_gut_fungi.xls
0.5	gut_fungi	肠道真菌属	Genus_GutFungi_Pseudocercospora	Pseudocercospora	肠道真菌/genus_gut_fungi.xls
0.5	gut_fungi	肠道真菌属	Genus_GutFungi_Pyrenophora	Pyrenophora	肠道真菌/genus_gut_fungi.xls
0.5	gut_fungi	肠道真菌属	Genus_GutFungi_Raffaelea	Raffaelea	肠道真菌/genus_gut_fungi.xls
0.5	gut_fungi	肠道真菌属	Genus_GutFungi_Rhizopus	Rhizopus	肠道真菌/genus_gut_fungi.xls
0.5	gut_fungi	肠道真菌属	Genus_GutFungi_Rhodotorula	Rhodotorula	肠道真菌/genus_gut_fungi.xls
0.5	gut_fungi	肠道真菌属	Genus_GutFungi_Robbauera	Robbauera	肠道真菌/genus_gut_fungi.xls
0.5	gut_fungi	肠道真菌属	Genus_GutFungi_Saccharomyces	Saccharomyces	肠道真菌/genus_gut_fungi.xls
0.5	gut_fungi	肠道真菌属	Genus_GutFungi_Saccharomycetaceae_gen_Incertae_sedis	Saccharomycetaceae_gen_Incertae_sedis	肠道真菌/genus_gut_fungi.xls
0.5	gut_fungi	肠道真菌属	Genus_GutFungi_Saccharomycetales_gen_Incertae_sedis	Saccharomycetales_gen_Incertae_sedis	肠道真菌/genus_gut_fungi.xls
0.5	gut_fungi	肠道真菌属	Genus_GutFungi_Saccharomycetes_gen_Incertae_sedis	Saccharomycetes_gen_Incertae_sedis	肠道真菌/genus_gut_fungi.xls
0.5	gut_fungi	肠道真菌属	Genus_GutFungi_Saprochaete	Saprochaete	肠道真菌/genus_gut_fungi.xls
0.5	gut_fungi	肠道真菌属	Genus_GutFungi_Sarocladium	Sarocladium	肠道真菌/genus_gut_fungi.xls
0.5	gut_fungi	肠道真菌属	Genus_GutFungi_Saturnispora	Saturnispora	肠道真菌/genus_gut_fungi.xls
0.5	gut_fungi	肠道真菌属	Genus_GutFungi_Schizophyllum	Schizophyllum	肠道真菌/genus_gut_fungi.xls
0.5	gut_fungi	肠道真菌属	Genus_GutFungi_Sclerotiniaceae_gen_Incertae_sedis	Sclerotiniaceae_gen_Incertae_sedis	肠道真菌/genus_gut_fungi.xls
0.5	gut_fungi	肠道真菌属	Genus_GutFungi_Sordariomycetes_gen_Incertae_sedis	Sordariomycetes_gen_Incertae_sedis	肠道真菌/genus_gut_fungi.xls
0.5	gut_fungi	肠道真菌属	Genus_GutFungi_Starmerella	Starmerella	肠道真菌/genus_gut_fungi.xls
0.5	gut_fungi	肠道真菌属	Genus_GutFungi_Stemphylium	Stemphylium	肠道真菌/genus_gut_fungi.xls
0.5	gut_fungi	肠道真菌属	Genus_GutFungi_Talaromyces	Talaromyces	肠道真菌/genus_gut_fungi.xls
0.5	gut_fungi	肠道真菌属	Genus_GutFungi_Tausonia	Tausonia	肠道真菌/genus_gut_fungi.xls
0.5	gut_fungi	肠道真菌属	Genus_GutFungi_Trametes	Trametes	肠道真菌/genus_gut_fungi.xls
0.5	gut_fungi	肠道真菌属	Genus_GutFungi_Tremella	Tremella	肠道真菌/genus_gut_fungi.xls
0.5	gut_fungi	肠道真菌属	Genus_GutFungi_Tremellomycetes_gen_Incertae_sedis	Tremellomycetes_gen_Incertae_sedis	肠道真菌/genus_gut_fungi.xls
0.5	gut_fungi	肠道真菌属	Genus_GutFungi_Trichoderma	Trichoderma	肠道真菌/genus_gut_fungi.xls
0.5	gut_fungi	肠道真菌属	Genus_GutFungi_Trichomerium	Trichomerium	肠道真菌/genus_gut_fungi.xls
0.5	gut_fungi	肠道真菌属	Genus_GutFungi_Trichosporon	Trichosporon	肠道真菌/genus_gut_fungi.xls
0.5	gut_fungi	肠道真菌属	Genus_GutFungi_Trichosporonaceae_gen_Incertae_sedis	Trichosporonaceae_gen_Incertae_sedis	肠道真菌/genus_gut_fungi.xls
0.5	gut_fungi	肠道真菌属	Genus_GutFungi_Trichothecium	Trichothecium	肠道真菌/genus_gut_fungi.xls
0.5	gut_fungi	肠道真菌属	Genus_GutFungi_Ustilaginaceae_gen_Incertae_sedis	Ustilaginaceae_gen_Incertae_sedis	肠道真菌/genus_gut_fungi.xls
0.5	gut_fungi	肠道真菌属	Genus_GutFungi_Verrucoconiothyrium	Verrucoconiothyrium	肠道真菌/genus_gut_fungi.xls
0.5	gut_fungi	肠道真菌属	Genus_GutFungi_Wallemia	Wallemia	肠道真菌/genus_gut_fungi.xls
0.5	gut_fungi	肠道真菌属	Genus_GutFungi_Wickerhamiella	Wickerhamiella	肠道真菌/genus_gut_fungi.xls
0.5	gut_fungi	肠道真菌属	Genus_GutFungi_Wickerhamomyces	Wickerhamomyces	肠道真菌/genus_gut_fungi.xls
0.5	gut_fungi	肠道真菌属	Genus_GutFungi_Xerogeomyces	Xerogeomyces	肠道真菌/genus_gut_fungi.xls
0.5	gut_fungi	肠道真菌属	Genus_GutFungi_Xeromyces	Xeromyces	肠道真菌/genus_gut_fungi.xls
0.5	gut_fungi	肠道真菌属	Genus_GutFungi_Yarrowia	Yarrowia	肠道真菌/genus_gut_fungi.xls
